case_id,customer_id,amount_paise,payment_method,failure_code,time_since_failure_minutes,incident_id,historical_payment_success_rate,customer_value_band,engagement_score,assigned_action,propensity,eligible_actions,policy_version,y_observed,split
case_1c31e413,cust_94f5248f,366729,upi,INSUFFICIENT_FUNDS,44,,0.5615422737840349,low,0.45654453773734754,5,0.16666666666666666,"[0, 1, 2, 3, 4, 5]",random_uniform_v1,1,train
case_ae4c4f54,cust_afabe8e1,49620,upi,INSUFFICIENT_FUNDS,16,,0.8051945946216824,low,0.3068323017612946,4,0.16666666666666666,"[0, 1, 2, 3, 4, 5]",random_uniform_v1,0,train
case_c99bd3d6,cust_a901d368,25786,card,BANK_DECLINE,13,,0.6594624067570581,low,0.7599653880975589,0,0.16666666666666666,"[0, 1, 2, 3, 4, 5]",random_uniform_v1,1,train
case_e960085d,cust_958bf85e,82240,upi,NETWORK_ERROR,8,,0.7723220101562964,low,0.23180286923207355,2,0.16666666666666666,"[0, 1, 2, 3, 4, 5]",random_uniform_v1,1,train
case_8d7f7586,cust_3ca906b0,180926,upi,NETWORK_ERROR,7,,1.0,high,0.2443767451817691,5,0.16666666666666666,"[0, 1, 2, 3, 4, 5]",random_uniform_v1,1,train
case_2d630dc7,cust_aa20518f,25168,upi,NETWORK_ERROR,81,,0.2726025098520857,low,0.17080971928726238,2,0.16666666666666666,"[0, 1, 2, 3, 4, 5]",random_uniform_v1,1,train
case_e2dbe8de,cust_428ac824,223152,upi,BANK_TIMEOUT,18,,0.7410920745937242,low,0.19966754081760063,5,0.16666666666666666,"[0, 1, 2, 3, 4, 5]",random_uniform_v1,1,train
case_6abffa8e,cust_15cd987c,2875,card,BANK_DECLINE,24,,0.8236268915285048,medium,0.4026097135735094,2,0.16666666666666666,"[0, 1, 2, 3, 4, 5]",random_uniform_v1,1,train
case_f1aea0d4,cust_1d716a47,527003,upi,NETWORK_ERROR,45,,1.0,medium,0.21710549120925077,5,0.16666666666666666,"[0, 1, 2, 3, 4, 5]",random_uniform_v1,1,train
case_3ab39f26,cust_bf738b12,7638,upi,BANK_TIMEOUT,79,,0.7693745935876121,medium,0.8692350065944691,2,0.16666666666666666,"[0, 1, 2, 3, 4, 5]",random_uniform_v1,1,train
case_6be3b714,cust_ca8d4714,30163,card,BANK_DECLINE,11,,0.8768765595563309,low,0.1723989573404675,3,0.16666666666666666,"[0, 1, 2, 3, 4, 5]",random_uniform_v1,1,train
case_7f1e6a36,cust_7d1a350b,45376,card,NETWORK_ERROR,32,,0.9840259573762314,low,0.7300399766059862,2,0.16666666666666666,"[0, 1, 2, 3, 4, 5]",random_uniform_v1,1,train
case_bbaaae70,cust_c2ac6f8b,39699,upi,INSUFFICIENT_FUNDS,66,,0.8723850186005813,medium,0.39635323749136636,0,0.16666666666666666,"[0, 1, 2, 3, 4, 5]",random_uniform_v1,0,val
case_65a71722,cust_6285264d,52510,upi,NETWORK_ERROR,23,,0.4941722538434983,low,0.30137243993109936,1,0.16666666666666666,"[0, 1, 2, 3, 4, 5]",random_uniform_v1,0,train
case_ad525e35,cust_6c0eb100,484637,upi,BANK_TIMEOUT,1,,0.7305363537242817,low,0.027826232718122873,3,0.16666666666666666,"[0, 1, 2, 3, 4, 5]",random_uniform_v1,1,val
case_74f06396,cust_ec41a6ef,11279,card,INSUFFICIENT_FUNDS,11,,1.0,low,0.5903207386802888,1,0.16666666666666666,"[0, 1, 2, 3, 4, 5]",random_uniform_v1,0,train
case_d2b1b29f,cust_083e70cb,367240,card,BANK_DECLINE,30,,0.6974853018649928,low,0.4110501126757913,1,0.16666666666666666,"[0, 1, 2, 3, 4, 5]",random_uniform_v1,1,train
case_1ee3ebbd,cust_b15ed9b8,127426,upi,INSUFFICIENT_FUNDS,23,,0.8372927260095794,low,0.549940352445301,4,0.16666666666666666,"[0, 1, 2, 3, 4, 5]",random_uniform_v1,1,train
case_647c0458,cust_4103e60e,148580,upi,BANK_TIMEOUT,23,,0.8684198942839871,medium,0.5222202521896611,5,0.16666666666666666,"[0, 1, 2, 3, 4, 5]",random_uniform_v1,1,train
case_b72d7545,cust_31ba7bca,91599,upi,INSUFFICIENT_FUNDS,8,,0.7803030798430479,low,0.4929333875968909,3,0.16666666666666666,"[0, 1, 2, 3, 4, 5]",random_uniform_v1,0,train
case_cf974e0f,cust_e44fab92,184352,upi,BANK_TIMEOUT,59,,0.7004350984908196,medium,0.023771612991892538,1,0.16666666666666666,"[0, 1, 2, 3, 4, 5]",random_uniform_v1,1,val
case_5c90bc06,cust_62dec143,680674,upi,INSUFFICIENT_FUNDS,48,,0.507237733277617,low,0.5076018468546776,5,0.16666666666666666,"[0, 1, 2, 3, 4, 5]",random_uniform_v1,0,train
case_c108a2d1,cust_d5b3c8a7,26202,card,INSUFFICIENT_FUNDS,20,,0.7546116935566353,low,0.6275385832770293,1,0.16666666666666666,"[0, 1, 2, 3, 4, 5]",random_uniform_v1,1,train
case_41c097d6,cust_c52e39ca,507267,upi,INSUFFICIENT_FUNDS,42,,0.8356929738664227,low,0.7621835490807882,0,0.16666666666666666,"[0, 1, 2, 3, 4, 5]",random_uniform_v1,1,train
case_1b850f59,cust_323e4712,126029,card,BANK_DECLINE,28,,0.7810484458966886,low,0.2814522107534575,3,0.16666666666666666,"[0, 1, 2, 3, 4, 5]",random_uniform_v1,1,train
case_2d1c1d29,cust_8ef3ce6f,2544596,upi,INSUFFICIENT_FUNDS,11,,0.58993035141804,low,0.22600759530447245,1,0.16666666666666666,"[0, 1, 2, 3, 4, 5]",random_uniform_v1,0,train
case_90ba1dc6,cust_b8bc0c04,51973,card,NETWORK_ERROR,24,,0.5460392692100221,low,1.0,0,0.16666666666666666,"[0, 1, 2, 3, 4, 5]",random_uniform_v1,0,train
case_de51597f,cust_7a0b46ce,488397,upi,INSUFFICIENT_FUNDS,19,,0.9281313366180405,low,0.3130611301715264,2,0.16666666666666666,"[0, 1, 2, 3, 4, 5]",random_uniform_v1,0,test
case_85df3d97,cust_2699d739,220701,card,NETWORK_ERROR,3,,0.7873837836294534,low,0.7246120813581346,4,0.16666666666666666,"[0, 1, 2, 3, 4, 5]",random_uniform_v1,1,val
case_8651cb5b,cust_f0fab97e,123126,upi,BANK_TIMEOUT,17,,0.9085882105248696,low,0.3111403994855074,3,0.16666666666666666,"[0, 1, 2, 3, 4, 5]",random_uniform_v1,1,val
case_6510a9b7,cust_cf495c33,76355,card,INSUFFICIENT_FUNDS,18,,0.686988278550123,low,0.1144290520875935,5,0.16666666666666666,"[0, 1, 2, 3, 4, 5]",random_uniform_v1,1,train
case_f792c640,cust_266b416a,71853,upi,INSUFFICIENT_FUNDS,24,,0.9458374933177982,low,0.5106205057345841,5,0.16666666666666666,"[0, 1, 2, 3, 4, 5]",random_uniform_v1,1,train
case_69921185,cust_2e937122,101772,upi,INSUFFICIENT_FUNDS,172,,0.696595116775917,low,0.3211160001766452,2,0.16666666666666666,"[0, 1, 2, 3, 4, 5]",random_uniform_v1,1,train
case_09a21ca5,cust_ea41de80,136302,upi,BANK_TIMEOUT,40,,0.6943122376949339,low,0.1987353089751407,0,0.16666666666666666,"[0, 1, 2, 3, 4, 5]",random_uniform_v1,0,val
case_323082d8,cust_85caa8a8,261176,upi,INSUFFICIENT_FUNDS,14,,0.6388011337852091,low,0.5081326888059154,3,0.16666666666666666,"[0, 1, 2, 3, 4, 5]",random_uniform_v1,1,train
case_9654266b,cust_6aa5dfc1,86834,upi,NETWORK_ERROR,26,,0.8230126906256522,low,0.24789775201116374,2,0.16666666666666666,"[0, 1, 2, 3, 4, 5]",random_uniform_v1,1,test
case_313a72d5,cust_a2b37b84,222415,upi,BANK_TIMEOUT,22,,0.8844481012218208,low,0.3560363604375985,5,0.16666666666666666,"[0, 1, 2, 3, 4, 5]",random_uniform_v1,1,train
case_b2d473db,cust_e355d5b2,157399,upi,BANK_TIMEOUT,13,,0.3013015731462978,low,0.6975862690649897,3,0.16666666666666666,"[0, 1, 2, 3, 4, 5]",random_uniform_v1,1,train
case_b38473e7,cust_8d7ec095,158231,upi,BANK_TIMEOUT,11,,0.4595713415838564,medium,0.6359578534105823,3,0.16666666666666666,"[0, 1, 2, 3, 4, 5]",random_uniform_v1,1,test
case_d99a3413,cust_339d7f19,330153,netbanking,BANK_DECLINE,153,,1.0,medium,0.24197274873659239,0,0.16666666666666666,"[0, 1, 2, 3, 4, 5]",random_uniform_v1,0,train
case_7a0fb9f1,cust_cc7652f0,207422,netbanking,INSUFFICIENT_FUNDS,15,,0.8157168367851424,low,0.44515705667233874,2,0.16666666666666666,"[0, 1, 2, 3, 4, 5]",random_uniform_v1,1,train
case_7cff0716,cust_66b6bff2,199625,card,BANK_DECLINE,24,,0.5808877696998341,low,0.45013384420790925,2,0.16666666666666666,"[0, 1, 2, 3, 4, 5]",random_uniform_v1,0,train
case_f6723826,cust_755603ea,721036,upi,INSUFFICIENT_FUNDS,22,,1.0,low,0.6262236291598765,1,0.16666666666666666,"[0, 1, 2, 3, 4, 5]",random_uniform_v1,0,train
case_86b091f7,cust_fcc4937f,353610,card,BANK_DECLINE,24,,0.8806936516676942,medium,0.06811171285838793,2,0.16666666666666666,"[0, 1, 2, 3, 4, 5]",random_uniform_v1,1,train
case_bf5eac60,cust_8daaa69c,28689,upi,INSUFFICIENT_FUNDS,8,,0.8619927274443002,low,0.8644680676730181,2,0.16666666666666666,"[0, 1, 2, 3, 4, 5]",random_uniform_v1,1,test
case_3666718b,cust_56a075e3,103954,upi,BANK_TIMEOUT,83,,0.6122715751664319,low,0.7262382365351046,0,0.16666666666666666,"[0, 1, 2, 3, 4, 5]",random_uniform_v1,1,train
case_381d118e,cust_29ff84f5,131742,upi,INSUFFICIENT_FUNDS,107,,0.27296793526992313,medium,0.5419776191927694,3,0.16666666666666666,"[0, 1, 2, 3, 4, 5]",random_uniform_v1,1,train
case_ec89f1ed,cust_bb8526b7,144117,card,INSUFFICIENT_FUNDS,10,,0.6857184168160423,high,0.48621214757757464,1,0.16666666666666666,"[0, 1, 2, 3, 4, 5]",random_uniform_v1,1,train
case_406f4573,cust_9d5c3e7e,114384,card,BANK_DECLINE,75,,0.5115798131910866,low,0.7761420426913733,4,0.16666666666666666,"[0, 1, 2, 3, 4, 5]",random_uniform_v1,0,test
case_56423b4f,cust_1c220180,153381,card,BANK_DECLINE,15,,0.8052215434589816,medium,0.0,2,0.16666666666666666,"[0, 1, 2, 3, 4, 5]",random_uniform_v1,1,train
case_508575c7,cust_c67defc9,40003,upi,BANK_TIMEOUT,78,,0.7255371858841954,high,0.31994494285512964,1,0.16666666666666666,"[0, 1, 2, 3, 4, 5]",random_uniform_v1,1,train
case_4e2169de,cust_305c9756,48399,upi,BANK_TIMEOUT,35,,0.24665873192285015,low,0.8260640491508165,5,0.16666666666666666,"[0, 1, 2, 3, 4, 5]",random_uniform_v1,1,train
case_c9f5fed8,cust_b4c8ba44,626302,upi,BANK_TIMEOUT,52,,0.8214146274297098,medium,0.20576080311457365,1,0.16666666666666666,"[0, 1, 2, 3, 4, 5]",random_uniform_v1,1,train
case_ff841f36,cust_9f36c8a3,312218,upi,NETWORK_ERROR,108,,0.8641335539094417,low,0.5552719529576919,0,0.16666666666666666,"[0, 1, 2, 3, 4, 5]",random_uniform_v1,1,train
case_352538d7,cust_d46b0c24,140595,upi,BANK_TIMEOUT,16,,0.9417940248194171,low,0.14881367101062984,2,0.16666666666666666,"[0, 1, 2, 3, 4, 5]",random_uniform_v1,1,train
case_3f49a0e5,cust_54966b18,1283450,upi,NETWORK_ERROR,18,,0.9512382290463859,low,0.5435496304609395,5,0.16666666666666666,"[0, 1, 2, 3, 4, 5]",random_uniform_v1,1,train
case_d6a168d0,cust_8eb88a0d,72643,card,BANK_DECLINE,1,,0.8262602457154248,low,0.8234400147744221,5,0.16666666666666666,"[0, 1, 2, 3, 4, 5]",random_uniform_v1,1,train
case_0577e156,cust_3e5efc1e,65068,upi,NETWORK_ERROR,9,,0.6932334357646484,low,0.4017143512312674,5,0.16666666666666666,"[0, 1, 2, 3, 4, 5]",random_uniform_v1,1,val
case_3c1d83a6,cust_b582d6d0,29895,upi,INSUFFICIENT_FUNDS,3,,0.7507180249794968,low,0.32155510925301845,2,0.16666666666666666,"[0, 1, 2, 3, 4, 5]",random_uniform_v1,1,val
case_6db09e62,cust_b959fffc,199124,card,BANK_DECLINE,19,,0.5753564604477983,low,0.0,2,0.16666666666666666,"[0, 1, 2, 3, 4, 5]",random_uniform_v1,1,train
case_47eb8b53,cust_feb335df,205286,netbanking,INSUFFICIENT_FUNDS,1,,0.9190266207377317,low,0.9596580997398434,5,0.16666666666666666,"[0, 1, 2, 3, 4, 5]",random_uniform_v1,1,test
case_6f424109,cust_1d42633b,217417,card,BANK_DECLINE,15,,0.5764399646807735,low,0.5890615231289773,0,0.16666666666666666,"[0, 1, 2, 3, 4, 5]",random_uniform_v1,1,test
case_43af18b4,cust_92003f54,100536,upi,NETWORK_ERROR,18,,0.7795147073063,low,0.8067820675622825,1,0.16666666666666666,"[0, 1, 2, 3, 4, 5]",random_uniform_v1,1,train
case_615b9d30,cust_2f0e45c1,71134,upi,BANK_TIMEOUT,24,,0.6923971310971472,low,0.25087169609632815,3,0.16666666666666666,"[0, 1, 2, 3, 4, 5]",random_uniform_v1,1,test
case_8fecee20,cust_8a50612f,131837,upi,INSUFFICIENT_FUNDS,111,,0.6763139034156119,low,0.6181120912393007,2,0.16666666666666666,"[0, 1, 2, 3, 4, 5]",random_uniform_v1,1,train
case_c8e8c569,cust_e02c0985,93262,upi,BANK_TIMEOUT,22,,0.5025286117247729,low,0.4356788355138431,2,0.16666666666666666,"[0, 1, 2, 3, 4, 5]",random_uniform_v1,1,train
case_78836510,cust_7a13f69f,46278,upi,BANK_TIMEOUT,133,,0.49676366987436044,low,0.0,2,0.16666666666666666,"[0, 1, 2, 3, 4, 5]",random_uniform_v1,1,train
case_cb218995,cust_f0a06234,579196,netbanking,BANK_TIMEOUT,11,,0.602006193334446,low,0.13955147116235142,5,0.16666666666666666,"[0, 1, 2, 3, 4, 5]",random_uniform_v1,1,train
case_4268d0e8,cust_91f4c411,183672,upi,INSUFFICIENT_FUNDS,36,,0.7139953203005727,low,0.2526956976562512,4,0.16666666666666666,"[0, 1, 2, 3, 4, 5]",random_uniform_v1,1,val
case_a6470342,cust_2514f436,352076,card,BANK_DECLINE,6,,0.6569154782505227,low,0.6106683670761275,3,0.16666666666666666,"[0, 1, 2, 3, 4, 5]",random_uniform_v1,0,val
case_274c11f8,cust_e33149c3,285012,upi,NETWORK_ERROR,74,,0.7429985837081974,high,0.19329962044027682,2,0.16666666666666666,"[0, 1, 2, 3, 4, 5]",random_uniform_v1,1,train
case_b93f9a6a,cust_6d173d8b,121638,netbanking,BANK_DECLINE,69,,0.7626024104396371,low,0.23867836955526492,0,0.16666666666666666,"[0, 1, 2, 3, 4, 5]",random_uniform_v1,0,train
case_8cdd2e12,cust_334742b2,98520,netbanking,BANK_DECLINE,78,,0.6932804301900464,low,0.11226537326718097,2,0.16666666666666666,"[0, 1, 2, 3, 4, 5]",random_uniform_v1,1,train
case_4260b663,cust_518bfa0e,89798,upi,NETWORK_ERROR,4,,0.8975577780955682,low,0.6875787886922857,3,0.16666666666666666,"[0, 1, 2, 3, 4, 5]",random_uniform_v1,1,train
case_7036d14b,cust_b5770a81,611651,card,NETWORK_ERROR,2,,0.7415831170143193,low,0.14878013981370591,5,0.16666666666666666,"[0, 1, 2, 3, 4, 5]",random_uniform_v1,0,test
case_2d481b43,cust_8238583c,283530,upi,INSUFFICIENT_FUNDS,60,,0.5240236277837594,low,0.4911761727362916,1,0.16666666666666666,"[0, 1, 2, 3, 4, 5]",random_uniform_v1,0,train
case_3584ca26,cust_94e1ff41,641729,upi,BANK_TIMEOUT,7,,0.959002628791503,medium,0.31005140785969687,5,0.16666666666666666,"[0, 1, 2, 3, 4, 5]",random_uniform_v1,1,val
case_e2ed88ce,cust_54296749,611764,upi,INSUFFICIENT_FUNDS,26,,0.7768027139112965,low,0.3054707207814097,0,0.16666666666666666,"[0, 1, 2, 3, 4, 5]",random_uniform_v1,0,train
case_fec74500,cust_967cd459,82144,upi,NETWORK_ERROR,42,,0.8444471702372186,medium,0.4579565090146274,0,0.16666666666666666,"[0, 1, 2, 3, 4, 5]",random_uniform_v1,1,train
case_539083e8,cust_90c1bcaf,44321,upi,NETWORK_ERROR,5,,0.8014782617078416,low,0.34319976145905007,2,0.16666666666666666,"[0, 1, 2, 3, 4, 5]",random_uniform_v1,1,train
case_3c98a529,cust_33512702,64004,upi,BANK_TIMEOUT,64,,0.7178292234496808,low,0.5949865528309766,5,0.16666666666666666,"[0, 1, 2, 3, 4, 5]",random_uniform_v1,1,train
case_dae020f0,cust_e24d69db,30514,upi,BANK_TIMEOUT,64,,0.5495173567170097,low,0.45695061627861133,4,0.16666666666666666,"[0, 1, 2, 3, 4, 5]",random_uniform_v1,1,train
case_018c262c,cust_957ecabf,10874,upi,INSUFFICIENT_FUNDS,6,,0.6390945930466967,low,0.17070840227730408,0,0.16666666666666666,"[0, 1, 2, 3, 4, 5]",random_uniform_v1,1,train
case_1dbbcb46,cust_53ea1e2b,36563,upi,INSUFFICIENT_FUNDS,5,,0.5190492942752124,low,0.2731430388820864,4,0.16666666666666666,"[0, 1, 2, 3, 4, 5]",random_uniform_v1,0,train
case_1cd972dc,cust_2e2ce679,245207,netbanking,BANK_DECLINE,60,,0.7114380738965136,high,0.2506625179954955,1,0.16666666666666666,"[0, 1, 2, 3, 4, 5]",random_uniform_v1,0,train
case_b2954a74,cust_725d772f,35211,upi,BANK_TIMEOUT,25,,0.6543645665513956,medium,0.2362003283191439,3,0.16666666666666666,"[0, 1, 2, 3, 4, 5]",random_uniform_v1,1,train
case_d7bc241c,cust_fed00207,95730,card,BANK_TIMEOUT,22,,1.0,low,0.15559892052994598,1,0.16666666666666666,"[0, 1, 2, 3, 4, 5]",random_uniform_v1,1,train
case_0675b837,cust_b754358f,162535,card,NETWORK_ERROR,8,,0.9708571780666726,high,0.3825320001558521,2,0.16666666666666666,"[0, 1, 2, 3, 4, 5]",random_uniform_v1,1,train
case_be8fb5b7,cust_b70c81c0,529546,upi,INSUFFICIENT_FUNDS,10,,0.9212272407984589,low,0.8365217863486047,4,0.16666666666666666,"[0, 1, 2, 3, 4, 5]",random_uniform_v1,1,train
case_07a62021,cust_3e44356d,171914,card,BANK_DECLINE,3,,0.7954827157268157,medium,0.4506744596344989,1,0.16666666666666666,"[0, 1, 2, 3, 4, 5]",random_uniform_v1,1,train
case_43bcd59b,cust_985698d2,40404,card,INSUFFICIENT_FUNDS,5,,0.6559157928340312,low,0.20837683230809778,0,0.16666666666666666,"[0, 1, 2, 3, 4, 5]",random_uniform_v1,1,train
case_6e8bc525,cust_ca754a45,1738077,upi,NETWORK_ERROR,28,,0.8483538107185414,medium,0.40094843658896356,4,0.16666666666666666,"[0, 1, 2, 3, 4, 5]",random_uniform_v1,1,test
case_05199af9,cust_cd365c5d,215863,card,NETWORK_ERROR,8,,0.7345005336433814,low,0.3745334658466757,5,0.16666666666666666,"[0, 1, 2, 3, 4, 5]",random_uniform_v1,1,train
case_88836de2,cust_b7f2841d,43753,netbanking,INSUFFICIENT_FUNDS,1,,0.7424284254915242,medium,0.5789187399515034,2,0.16666666666666666,"[0, 1, 2, 3, 4, 5]",random_uniform_v1,1,train
case_de0bb966,cust_c7efbc1c,102632,card,INSUFFICIENT_FUNDS,26,,0.605650862073564,low,0.3126073001675064,3,0.16666666666666666,"[0, 1, 2, 3, 4, 5]",random_uniform_v1,1,train
case_b311d880,cust_67473cfc,137736,upi,NETWORK_ERROR,92,,0.7089408492668575,low,0.47583429474767047,1,0.16666666666666666,"[0, 1, 2, 3, 4, 5]",random_uniform_v1,1,train
case_066caca3,cust_e2795e25,45424,upi,NETWORK_ERROR,50,,0.7393559098013448,low,0.4645238230534374,2,0.16666666666666666,"[0, 1, 2, 3, 4, 5]",random_uniform_v1,1,train
case_b82f7788,cust_1254feb5,73535,card,BANK_DECLINE,18,,0.8498759400588557,low,0.0830455589706254,3,0.16666666666666666,"[0, 1, 2, 3, 4, 5]",random_uniform_v1,1,train
case_486b6c90,cust_0967487d,103537,card,INSUFFICIENT_FUNDS,12,,0.8696137248178603,low,0.1538285699164148,1,0.16666666666666666,"[0, 1, 2, 3, 4, 5]",random_uniform_v1,1,train
case_de1e8b9e,cust_dab723bf,54472,upi,BANK_TIMEOUT,77,,0.7473808468688247,low,0.22469140343073957,5,0.16666666666666666,"[0, 1, 2, 3, 4, 5]",random_uniform_v1,0,train
case_b0604d8c,cust_191f84f9,325111,upi,BANK_TIMEOUT,34,,0.8513385528686409,low,0.34093397936224024,1,0.16666666666666666,"[0, 1, 2, 3, 4, 5]",random_uniform_v1,1,train
case_eb003510,cust_e6695635,155802,upi,INSUFFICIENT_FUNDS,17,,0.6451836943802604,medium,0.5557749749440268,0,0.16666666666666666,"[0, 1, 2, 3, 4, 5]",random_uniform_v1,1,train
case_3bd63525,cust_caed0a8b,177416,upi,NETWORK_ERROR,56,,0.7444171789977072,low,0.6404186362595942,5,0.16666666666666666,"[0, 1, 2, 3, 4, 5]",random_uniform_v1,1,val
case_4f73e660,cust_f8e09de1,41405,upi,NETWORK_ERROR,11,,0.6762735907322499,low,0.30472544331424317,2,0.16666666666666666,"[0, 1, 2, 3, 4, 5]",random_uniform_v1,1,train
case_9ee8017c,cust_8bbf999f,80508,card,BANK_DECLINE,26,,0.9570936496017112,low,0.37209075547460774,2,0.16666666666666666,"[0, 1, 2, 3, 4, 5]",random_uniform_v1,1,train
case_30f01e5c,cust_7ad60831,28757,upi,BANK_TIMEOUT,46,,0.8252893960164588,low,0.1416543742497816,1,0.16666666666666666,"[0, 1, 2, 3, 4, 5]",random_uniform_v1,1,train
case_0cafd254,cust_6e090087,535264,card,BANK_DECLINE,41,,0.7145850612581974,low,0.5210320551254473,4,0.16666666666666666,"[0, 1, 2, 3, 4, 5]",random_uniform_v1,0,train
case_a3b211eb,cust_304fd1af,6995,upi,BANK_TIMEOUT,57,,0.7673241032228044,medium,0.26220063934663596,1,0.16666666666666666,"[0, 1, 2, 3, 4, 5]",random_uniform_v1,1,train
case_8ce75fae,cust_2c95055b,276360,upi,BANK_TIMEOUT,7,,0.9662008298790523,low,0.09909249046297922,0,0.16666666666666666,"[0, 1, 2, 3, 4, 5]",random_uniform_v1,1,train
case_6613c88f,cust_0a413483,26864,upi,INSUFFICIENT_FUNDS,19,,0.8586852456921172,medium,0.7113075066467498,1,0.16666666666666666,"[0, 1, 2, 3, 4, 5]",random_uniform_v1,0,train
case_b9089c04,cust_7ce6b9ea,13621,upi,NETWORK_ERROR,38,,0.6709901073487633,medium,0.36151126552946,3,0.16666666666666666,"[0, 1, 2, 3, 4, 5]",random_uniform_v1,1,train
case_4e9560d0,cust_e55503db,32455,card,BANK_DECLINE,24,,0.6668889234000606,low,0.17802744098251144,4,0.16666666666666666,"[0, 1, 2, 3, 4, 5]",random_uniform_v1,1,train
case_490cb414,cust_5596b161,9180,upi,BANK_TIMEOUT,20,,0.8491054580049253,low,0.2388177080350934,4,0.16666666666666666,"[0, 1, 2, 3, 4, 5]",random_uniform_v1,1,train
case_4d976fd0,cust_3b4a556c,15696,upi,BANK_TIMEOUT,14,,0.7257197355247155,low,0.5120242343888334,3,0.16666666666666666,"[0, 1, 2, 3, 4, 5]",random_uniform_v1,1,train
case_5220836f,cust_5720e0de,295781,upi,NETWORK_ERROR,39,,0.7568222644577942,low,0.17519734014721858,2,0.16666666666666666,"[0, 1, 2, 3, 4, 5]",random_uniform_v1,1,test
case_08c76462,cust_5052d3f4,312209,upi,BANK_TIMEOUT,41,,0.9147551684783417,low,0.6416870485289795,5,0.16666666666666666,"[0, 1, 2, 3, 4, 5]",random_uniform_v1,1,val
case_04078932,cust_3f05378b,73619,card,BANK_TIMEOUT,10,,0.6564600049265061,low,0.0,3,0.16666666666666666,"[0, 1, 2, 3, 4, 5]",random_uniform_v1,1,train
case_bb5a369c,cust_bc301181,51248,card,BANK_DECLINE,11,,0.513413112195503,low,0.8493330639134652,0,0.16666666666666666,"[0, 1, 2, 3, 4, 5]",random_uniform_v1,1,train
case_fd08d9a0,cust_d1d0f0b3,121889,card,BANK_DECLINE,13,,0.8830224115658639,medium,0.12476998432028623,0,0.16666666666666666,"[0, 1, 2, 3, 4, 5]",random_uniform_v1,0,train
case_b72fcb81,cust_9b0060ec,102106,upi,NETWORK_ERROR,14,,1.0,low,0.5910110162399429,2,0.16666666666666666,"[0, 1, 2, 3, 4, 5]",random_uniform_v1,1,train
case_6f9c231f,cust_15be5bd7,425232,upi,NETWORK_ERROR,0,,0.9642985347637884,low,0.6588025481753219,1,0.16666666666666666,"[0, 1, 2, 3, 4, 5]",random_uniform_v1,1,train
case_daf1abad,cust_e61bbe54,385444,upi,BANK_TIMEOUT,55,,0.4743595514131303,medium,0.24895627535064946,3,0.16666666666666666,"[0, 1, 2, 3, 4, 5]",random_uniform_v1,0,val
case_1a2bfc7f,cust_e018b5da,333269,upi,BANK_TIMEOUT,29,,0.6022676692982192,medium,0.39001647730846106,5,0.16666666666666666,"[0, 1, 2, 3, 4, 5]",random_uniform_v1,1,train
case_b13ee217,cust_0c5cabd8,19910,netbanking,BANK_DECLINE,11,,0.7918546717177954,low,0.42600776260801515,0,0.16666666666666666,"[0, 1, 2, 3, 4, 5]",random_uniform_v1,0,val
case_c31371e2,cust_c61166db,19137,upi,BANK_TIMEOUT,105,,0.660300078789558,low,0.5144398359823831,0,0.16666666666666666,"[0, 1, 2, 3, 4, 5]",random_uniform_v1,1,val
case_e55eb3cb,cust_ac507ef7,77866,upi,INSUFFICIENT_FUNDS,39,,0.9734819649756531,low,0.21109687922453718,0,0.16666666666666666,"[0, 1, 2, 3, 4, 5]",random_uniform_v1,1,train
case_082c9bde,cust_7104fa6d,231316,upi,BANK_TIMEOUT,11,,0.7791044066038304,low,0.4738414943484463,3,0.16666666666666666,"[0, 1, 2, 3, 4, 5]",random_uniform_v1,1,train
case_afb747fb,cust_df8b6d14,32024,netbanking,INSUFFICIENT_FUNDS,21,,0.613492342444643,low,0.0,3,0.16666666666666666,"[0, 1, 2, 3, 4, 5]",random_uniform_v1,0,val
case_c6ff8260,cust_3469ab38,87291,card,INSUFFICIENT_FUNDS,16,,0.5594236626153679,low,0.49876491658818084,3,0.16666666666666666,"[0, 1, 2, 3, 4, 5]",random_uniform_v1,1,test
case_f88746fd,cust_8f6b81f5,463427,card,BANK_DECLINE,12,,0.8544418186890517,medium,0.41843264571384103,0,0.16666666666666666,"[0, 1, 2, 3, 4, 5]",random_uniform_v1,0,train
case_2c29aa09,cust_22582af4,123793,upi,INSUFFICIENT_FUNDS,6,,0.6826292738987767,medium,0.4519964022861349,4,0.16666666666666666,"[0, 1, 2, 3, 4, 5]",random_uniform_v1,0,train
case_6926748e,cust_0af091eb,439092,upi,NETWORK_ERROR,36,,1.0,low,0.26543984898385464,1,0.16666666666666666,"[0, 1, 2, 3, 4, 5]",random_uniform_v1,1,test
case_b0b74724,cust_15cfc169,204510,card,NETWORK_ERROR,13,,0.8421361849102564,high,0.7910739122769619,2,0.16666666666666666,"[0, 1, 2, 3, 4, 5]",random_uniform_v1,1,test
case_6303e1b7,cust_8e529504,293065,upi,NETWORK_ERROR,13,,0.9547808720361697,low,0.5388107762509802,3,0.16666666666666666,"[0, 1, 2, 3, 4, 5]",random_uniform_v1,1,train
case_b8be3402,cust_5689a9fe,366832,card,BANK_DECLINE,10,,0.5980060131532343,low,0.5552080958159604,3,0.16666666666666666,"[0, 1, 2, 3, 4, 5]",random_uniform_v1,0,train
case_dae09d0b,cust_2f43b5f2,199468,netbanking,INSUFFICIENT_FUNDS,34,,0.8770051881662071,medium,0.21499071963549143,4,0.16666666666666666,"[0, 1, 2, 3, 4, 5]",random_uniform_v1,1,val
case_3299c1f1,cust_a1614881,54933,upi,BANK_TIMEOUT,1,,0.5475208602753003,low,0.03873217112667737,2,0.16666666666666666,"[0, 1, 2, 3, 4, 5]",random_uniform_v1,0,train
case_f9c5e15e,cust_9e210d15,80145,upi,BANK_TIMEOUT,67,,0.8702123762452437,low,0.8399159201240793,2,0.16666666666666666,"[0, 1, 2, 3, 4, 5]",random_uniform_v1,0,train
case_3eded3a9,cust_edead446,76455,upi,INSUFFICIENT_FUNDS,59,,0.4062722425127737,low,0.017563365579515933,0,0.16666666666666666,"[0, 1, 2, 3, 4, 5]",random_uniform_v1,1,val
case_2d89c386,cust_16a71d41,56386,upi,INSUFFICIENT_FUNDS,6,,0.786545879351988,low,0.5847329136552469,4,0.16666666666666666,"[0, 1, 2, 3, 4, 5]",random_uniform_v1,1,test
case_0b779b73,cust_e04ae9e9,136794,upi,INSUFFICIENT_FUNDS,44,,0.8145126224757384,low,0.6866071382737795,0,0.16666666666666666,"[0, 1, 2, 3, 4, 5]",random_uniform_v1,1,train
case_6c3e27f6,cust_2d7a49f8,131317,upi,INSUFFICIENT_FUNDS,11,,0.8094577213158417,low,0.3796673872906163,0,0.16666666666666666,"[0, 1, 2, 3, 4, 5]",random_uniform_v1,1,train
case_e4db7fa6,cust_cc4249e9,358288,upi,NETWORK_ERROR,66,,0.8650192055193604,low,0.02358716268674868,2,0.16666666666666666,"[0, 1, 2, 3, 4, 5]",random_uniform_v1,1,train
case_80ee0b11,cust_17994015,19398,card,INSUFFICIENT_FUNDS,30,,0.9430249983673659,low,0.532725267023342,4,0.16666666666666666,"[0, 1, 2, 3, 4, 5]",random_uniform_v1,1,train
case_16fff40d,cust_58d7723d,63782,card,INSUFFICIENT_FUNDS,6,,0.9795510523978177,high,0.687929692462833,0,0.16666666666666666,"[0, 1, 2, 3, 4, 5]",random_uniform_v1,1,train
case_1586de08,cust_6d6cc187,191423,upi,NETWORK_ERROR,147,,0.7538519819673802,medium,0.3914763480803623,5,0.16666666666666666,"[0, 1, 2, 3, 4, 5]",random_uniform_v1,1,train
case_8f77b059,cust_cf6740a8,262072,card,BANK_DECLINE,70,,0.9821116001951953,low,0.29304043788987383,0,0.16666666666666666,"[0, 1, 2, 3, 4, 5]",random_uniform_v1,0,train
case_46d35717,cust_78f7ec2b,125508,card,INSUFFICIENT_FUNDS,18,,0.5029606065570779,low,0.12573453132223977,2,0.16666666666666666,"[0, 1, 2, 3, 4, 5]",random_uniform_v1,1,train
case_c9f16b39,cust_ef865768,95457,upi,INSUFFICIENT_FUNDS,66,,0.7772919458982194,low,0.4466317222478477,1,0.16666666666666666,"[0, 1, 2, 3, 4, 5]",random_uniform_v1,0,test
case_d9e2fc6c,cust_d573d7f2,19082,upi,BANK_TIMEOUT,46,,0.579656359238046,low,0.0,3,0.16666666666666666,"[0, 1, 2, 3, 4, 5]",random_uniform_v1,1,train
case_cee143b8,cust_ce6e9e34,17107,upi,INSUFFICIENT_FUNDS,51,,0.5789994086895335,medium,0.11722649451799425,1,0.16666666666666666,"[0, 1, 2, 3, 4, 5]",random_uniform_v1,0,train
case_7e49ccbc,cust_a13397c4,712353,card,INSUFFICIENT_FUNDS,3,,0.7818445132761471,low,0.09549054309909899,5,0.16666666666666666,"[0, 1, 2, 3, 4, 5]",random_uniform_v1,0,train
case_2ae598a6,cust_236882a6,95489,upi,BANK_TIMEOUT,29,,0.8496500042382291,medium,0.6215644538335642,3,0.16666666666666666,"[0, 1, 2, 3, 4, 5]",random_uniform_v1,1,train
case_db3ae7d7,cust_44ebd43b,11640,card,INSUFFICIENT_FUNDS,33,,0.8456499729572143,low,0.6199426497516687,3,0.16666666666666666,"[0, 1, 2, 3, 4, 5]",random_uniform_v1,1,train
case_f54ab9b1,cust_acc74a02,69037,upi,INSUFFICIENT_FUNDS,40,,0.8333022327650336,low,0.25306604560517393,3,0.16666666666666666,"[0, 1, 2, 3, 4, 5]",random_uniform_v1,1,train
case_9007cc55,cust_7c892122,144506,upi,NETWORK_ERROR,25,,0.8644320454739658,low,0.8641615245058719,1,0.16666666666666666,"[0, 1, 2, 3, 4, 5]",random_uniform_v1,1,test
case_b519273b,cust_29ffc30b,486829,upi,INSUFFICIENT_FUNDS,19,,0.7707567769997219,low,0.7147632862357941,1,0.16666666666666666,"[0, 1, 2, 3, 4, 5]",random_uniform_v1,0,train
case_be41a03a,cust_35bd786f,136014,upi,NETWORK_ERROR,49,,0.937418390964272,low,0.7026764362297409,2,0.16666666666666666,"[0, 1, 2, 3, 4, 5]",random_uniform_v1,1,train
case_50de7b41,cust_2b68fb9c,37807,card,BANK_DECLINE,15,,0.9179484622326314,low,0.4973178754061874,4,0.16666666666666666,"[0, 1, 2, 3, 4, 5]",random_uniform_v1,0,test
case_172a1982,cust_8f8f06b0,255275,card,INSUFFICIENT_FUNDS,65,,0.6667544043716994,medium,0.4250196722969862,4,0.16666666666666666,"[0, 1, 2, 3, 4, 5]",random_uniform_v1,1,test
case_68f490be,cust_0fc54e7e,448746,netbanking,BANK_DECLINE,50,,0.6445153759593488,low,0.47486211020357605,4,0.16666666666666666,"[0, 1, 2, 3, 4, 5]",random_uniform_v1,0,train
case_ac7a4f7b,cust_ec974aca,166276,upi,BANK_TIMEOUT,0,,0.8760031990107385,medium,0.23321575959525975,0,0.16666666666666666,"[0, 1, 2, 3, 4, 5]",random_uniform_v1,1,train
case_acbbd3ac,cust_8f858b47,45030,card,INSUFFICIENT_FUNDS,31,,0.6385643137644663,medium,0.2962387887587198,0,0.16666666666666666,"[0, 1, 2, 3, 4, 5]",random_uniform_v1,1,val
case_1d5555e7,cust_ca5cd4b5,6367,card,BANK_DECLINE,127,,0.41043788371994505,low,0.22615281838358128,5,0.16666666666666666,"[0, 1, 2, 3, 4, 5]",random_uniform_v1,1,train
case_f6622423,cust_99641dbe,26896,card,BANK_DECLINE,32,,0.6547230297010509,low,0.5826277965852161,3,0.16666666666666666,"[0, 1, 2, 3, 4, 5]",random_uniform_v1,0,val
case_9b3fc996,cust_6fa16792,58377,card,BANK_DECLINE,8,,0.9272373997933384,medium,0.14997819716489186,3,0.16666666666666666,"[0, 1, 2, 3, 4, 5]",random_uniform_v1,1,val
case_6f50c408,cust_baae71ac,179307,upi,INSUFFICIENT_FUNDS,38,,0.7558469469748805,low,0.6150935441628437,3,0.16666666666666666,"[0, 1, 2, 3, 4, 5]",random_uniform_v1,1,train
case_3804556a,cust_51787ac8,134782,upi,INSUFFICIENT_FUNDS,50,,0.613901871593437,low,0.0,2,0.16666666666666666,"[0, 1, 2, 3, 4, 5]",random_uniform_v1,1,train
case_83dbd8e0,cust_a62ac1dc,256059,upi,INSUFFICIENT_FUNDS,10,,1.0,medium,0.32116883393572143,4,0.16666666666666666,"[0, 1, 2, 3, 4, 5]",random_uniform_v1,1,train
case_6c35abba,cust_82bd39b9,61181,upi,NETWORK_ERROR,138,,0.7785559251515297,medium,0.08819949536203057,4,0.16666666666666666,"[0, 1, 2, 3, 4, 5]",random_uniform_v1,1,test
case_947dba1f,cust_9ac6b402,134002,netbanking,BANK_DECLINE,0,,0.7811893547016495,high,0.46597792687971923,1,0.16666666666666666,"[0, 1, 2, 3, 4, 5]",random_uniform_v1,1,train
case_e0fb69d2,cust_3a28865e,63822,upi,BANK_TIMEOUT,2,,0.8029037381811426,low,0.23787322869565541,0,0.16666666666666666,"[0, 1, 2, 3, 4, 5]",random_uniform_v1,1,train
case_b34b7d73,cust_d120b513,83538,upi,INSUFFICIENT_FUNDS,28,,0.44463634364063187,low,0.34678652250347,3,0.16666666666666666,"[0, 1, 2, 3, 4, 5]",random_uniform_v1,0,test
case_23e638fb,cust_d0daba2e,25105,card,INSUFFICIENT_FUNDS,13,,0.5516047661360592,low,0.33671023717428056,0,0.16666666666666666,"[0, 1, 2, 3, 4, 5]",random_uniform_v1,0,train
case_ac558884,cust_65e2f488,1313936,upi,BANK_TIMEOUT,2,,0.5684178895203009,low,0.4603219870895906,2,0.16666666666666666,"[0, 1, 2, 3, 4, 5]",random_uniform_v1,1,train
case_8cbbc56a,cust_e3a91167,42165,upi,INSUFFICIENT_FUNDS,9,,1.0,low,0.4621705241092165,0,0.16666666666666666,"[0, 1, 2, 3, 4, 5]",random_uniform_v1,0,train
case_26454f0f,cust_c17296ce,68151,upi,BANK_TIMEOUT,3,,0.926180891208982,low,0.2828596742419447,2,0.16666666666666666,"[0, 1, 2, 3, 4, 5]",random_uniform_v1,1,test
case_03290288,cust_bd005e57,49504,card,INSUFFICIENT_FUNDS,17,,0.6793695305983873,medium,0.28131488238245067,0,0.16666666666666666,"[0, 1, 2, 3, 4, 5]",random_uniform_v1,0,train
case_f371970f,cust_2a4e21f7,352892,upi,INSUFFICIENT_FUNDS,5,,0.6405790757343678,low,0.5769374275566825,2,0.16666666666666666,"[0, 1, 2, 3, 4, 5]",random_uniform_v1,1,val
case_1ca835cc,cust_23582a3e,10363,upi,BANK_TIMEOUT,4,,0.7309712126470149,low,0.27224357914323893,1,0.16666666666666666,"[0, 1, 2, 3, 4, 5]",random_uniform_v1,0,val
case_9eacdd50,cust_6846514d,66099,upi,INSUFFICIENT_FUNDS,27,,0.7849742104544681,medium,0.0,2,0.16666666666666666,"[0, 1, 2, 3, 4, 5]",random_uniform_v1,1,val
case_9b6fdf37,cust_22c46575,18374,upi,BANK_TIMEOUT,24,,0.7495808389454411,medium,0.26035228555368806,2,0.16666666666666666,"[0, 1, 2, 3, 4, 5]",random_uniform_v1,1,train
case_a6260445,cust_a5678b88,47111,upi,BANK_TIMEOUT,46,,0.5186794367424864,high,0.49726074592631464,2,0.16666666666666666,"[0, 1, 2, 3, 4, 5]",random_uniform_v1,0,train
case_0701af53,cust_73a4535e,201103,upi,INSUFFICIENT_FUNDS,3,,0.668388817942773,low,0.5880260639662341,1,0.16666666666666666,"[0, 1, 2, 3, 4, 5]",random_uniform_v1,0,train
case_c0ed01ef,cust_52bd3bd4,14913,upi,BANK_TIMEOUT,1,,0.7790453313428473,low,0.45117919483989133,5,0.16666666666666666,"[0, 1, 2, 3, 4, 5]",random_uniform_v1,1,train
case_7f3b138e,cust_e64b73c7,258179,netbanking,BANK_DECLINE,17,,0.6268114449481077,medium,0.426291190588486,2,0.16666666666666666,"[0, 1, 2, 3, 4, 5]",random_uniform_v1,1,train
case_1bd37c26,cust_4469c959,418840,card,BANK_DECLINE,2,,0.8474375426689827,high,0.21464765212215559,0,0.16666666666666666,"[0, 1, 2, 3, 4, 5]",random_uniform_v1,0,val
case_9b253a6f,cust_6f7dfa65,36151,upi,INSUFFICIENT_FUNDS,23,,0.709854264733664,low,0.08988329809386783,2,0.16666666666666666,"[0, 1, 2, 3, 4, 5]",random_uniform_v1,1,train
case_edba6e36,cust_8edc93f3,87292,upi,BANK_TIMEOUT,27,,1.0,high,0.651877660407615,0,0.16666666666666666,"[0, 1, 2, 3, 4, 5]",random_uniform_v1,1,val
case_00b613ac,cust_b7c514f8,31428,card,BANK_DECLINE,2,,0.8430799452284016,low,0.36293995278307734,2,0.16666666666666666,"[0, 1, 2, 3, 4, 5]",random_uniform_v1,1,train
case_26a6e833,cust_88117878,107890,card,INSUFFICIENT_FUNDS,7,,0.6958586130320134,low,0.08710391978748298,3,0.16666666666666666,"[0, 1, 2, 3, 4, 5]",random_uniform_v1,1,train
case_88152195,cust_91fec2d0,108021,upi,INSUFFICIENT_FUNDS,1,,0.6302446160293863,low,0.34210971973319987,0,0.16666666666666666,"[0, 1, 2, 3, 4, 5]",random_uniform_v1,0,train
case_e153e8bb,cust_e3697875,330665,upi,BANK_TIMEOUT,18,,0.8928948569617811,low,0.5337066126219644,1,0.16666666666666666,"[0, 1, 2, 3, 4, 5]",random_uniform_v1,1,train
case_17c50994,cust_133fba89,295922,upi,BANK_TIMEOUT,123,,0.7458132175434831,low,0.2106436775921482,0,0.16666666666666666,"[0, 1, 2, 3, 4, 5]",random_uniform_v1,1,train
case_185fc9a1,cust_3de77e4c,162602,upi,NETWORK_ERROR,22,,0.9180758238969997,medium,0.5208736299209258,1,0.16666666666666666,"[0, 1, 2, 3, 4, 5]",random_uniform_v1,1,train
case_efa4e4b0,cust_43c35d1a,157821,upi,BANK_TIMEOUT,3,,0.6215028533395021,medium,0.12484545229182577,2,0.16666666666666666,"[0, 1, 2, 3, 4, 5]",random_uniform_v1,1,train
case_1094f3d2,cust_2b28b00b,118818,upi,INSUFFICIENT_FUNDS,41,,0.6007605698217047,medium,0.738368157565783,3,0.16666666666666666,"[0, 1, 2, 3, 4, 5]",random_uniform_v1,0,val
case_1604ab81,cust_b13d894a,239042,upi,INSUFFICIENT_FUNDS,0,,0.744086269552891,low,0.1253218389081346,0,0.16666666666666666,"[0, 1, 2, 3, 4, 5]",random_uniform_v1,0,train
case_6e96e1f9,cust_0d8cf34c,641838,card,BANK_DECLINE,51,,0.7652927378858106,low,0.5817025331190102,1,0.16666666666666666,"[0, 1, 2, 3, 4, 5]",random_uniform_v1,1,val
case_d47ffa0c,cust_4d21cd52,32210,upi,INSUFFICIENT_FUNDS,22,,0.48972281600846773,low,0.4471826607540865,1,0.16666666666666666,"[0, 1, 2, 3, 4, 5]",random_uniform_v1,1,train
case_7b985946,cust_d13fad66,41038,card,BANK_DECLINE,41,,0.5822988351864133,low,0.28073850964394664,1,0.16666666666666666,"[0, 1, 2, 3, 4, 5]",random_uniform_v1,0,train
case_63e3c04f,cust_9dbad768,68854,upi,NETWORK_ERROR,27,,0.7520558461715553,low,0.03349610653441762,3,0.16666666666666666,"[0, 1, 2, 3, 4, 5]",random_uniform_v1,1,val
case_23493d4f,cust_0a0f9f2f,76957,upi,BANK_TIMEOUT,25,,0.9149985694841652,low,0.24536839102528027,0,0.16666666666666666,"[0, 1, 2, 3, 4, 5]",random_uniform_v1,1,train
case_2be56aff,cust_0de61020,445787,card,BANK_DECLINE,18,,0.9195963111094914,low,0.42806332711867584,1,0.16666666666666666,"[0, 1, 2, 3, 4, 5]",random_uniform_v1,0,train
case_8990ccf1,cust_b212d7da,53264,card,BANK_DECLINE,10,,0.8297751379208553,low,0.2066547943564387,1,0.16666666666666666,"[0, 1, 2, 3, 4, 5]",random_uniform_v1,0,train
case_092e3f19,cust_168d726f,32666,upi,INSUFFICIENT_FUNDS,12,,0.47645358542537836,low,0.0,1,0.16666666666666666,"[0, 1, 2, 3, 4, 5]",random_uniform_v1,0,train
case_1705a48d,cust_ca0ae5be,21427,upi,BANK_TIMEOUT,21,,0.8362062717518076,low,0.41929859188593266,0,0.16666666666666666,"[0, 1, 2, 3, 4, 5]",random_uniform_v1,1,test
case_58129b50,cust_a61becb4,303526,upi,NETWORK_ERROR,12,,0.5783317377552994,high,0.47010574392524496,0,0.16666666666666666,"[0, 1, 2, 3, 4, 5]",random_uniform_v1,1,train
case_7f1aab2a,cust_3d49a805,91955,netbanking,BANK_TIMEOUT,55,,0.36491917487462877,low,0.6167035474349685,5,0.16666666666666666,"[0, 1, 2, 3, 4, 5]",random_uniform_v1,1,train
case_da4b2fa4,cust_c1147af0,84356,upi,INSUFFICIENT_FUNDS,2,,0.9236029054096483,low,0.24619558391839802,5,0.16666666666666666,"[0, 1, 2, 3, 4, 5]",random_uniform_v1,1,val
case_66ba531d,cust_a2777a42,63264,upi,NETWORK_ERROR,2,,1.0,low,0.06163292995347609,4,0.16666666666666666,"[0, 1, 2, 3, 4, 5]",random_uniform_v1,1,train
case_d78cfb1a,cust_7d4b0aa0,94007,upi,INSUFFICIENT_FUNDS,55,,0.3792751464704267,low,0.5397138442714513,5,0.16666666666666666,"[0, 1, 2, 3, 4, 5]",random_uniform_v1,0,train
case_b34f10f5,cust_16ccd2a0,1103799,card,BANK_DECLINE,6,,0.8615930043876775,medium,0.7023778580034171,4,0.16666666666666666,"[0, 1, 2, 3, 4, 5]",random_uniform_v1,1,test
case_3d3e6380,cust_394223ab,298872,upi,INSUFFICIENT_FUNDS,18,,0.2837343245003331,low,0.6019478621297198,1,0.16666666666666666,"[0, 1, 2, 3, 4, 5]",random_uniform_v1,0,train
case_a055e2fb,cust_cafc819e,280297,card,BANK_DECLINE,68,,0.619464957808061,high,0.43170563171373066,1,0.16666666666666666,"[0, 1, 2, 3, 4, 5]",random_uniform_v1,0,train
case_4262e9f2,cust_8356657b,107204,netbanking,NETWORK_ERROR,23,,0.6237077923211991,low,0.5575626291181863,2,0.16666666666666666,"[0, 1, 2, 3, 4, 5]",random_uniform_v1,1,train
case_e9b9cf16,cust_ef34f554,37554,upi,BANK_TIMEOUT,81,,0.931022664361128,high,0.2927030707866446,5,0.16666666666666666,"[0, 1, 2, 3, 4, 5]",random_uniform_v1,1,train
case_aaadc401,cust_d61b043e,86429,upi,NETWORK_ERROR,3,,0.7253464756284347,low,0.11722264902854282,2,0.16666666666666666,"[0, 1, 2, 3, 4, 5]",random_uniform_v1,1,train
case_6c6f4695,cust_9a7a1703,677082,upi,BANK_TIMEOUT,29,,0.789858238651137,low,0.6932335100111013,2,0.16666666666666666,"[0, 1, 2, 3, 4, 5]",random_uniform_v1,1,train
case_12ef13f8,cust_548b35a5,41015,upi,BANK_TIMEOUT,60,,0.7617759732417647,low,0.5068320582551568,4,0.16666666666666666,"[0, 1, 2, 3, 4, 5]",random_uniform_v1,1,train
case_bc760c3c,cust_fe26b357,44184,card,BANK_DECLINE,37,,0.9230191656982145,low,0.2971040457417817,4,0.16666666666666666,"[0, 1, 2, 3, 4, 5]",random_uniform_v1,1,train
case_dc39f0bd,cust_808b4c1b,243516,upi,BANK_TIMEOUT,0,,0.6845080490981051,medium,0.9885012353223962,1,0.16666666666666666,"[0, 1, 2, 3, 4, 5]",random_uniform_v1,1,test
case_bd04e63a,cust_ab4caa60,121910,upi,BANK_TIMEOUT,125,,0.7020785024026269,medium,0.21620153938236608,4,0.16666666666666666,"[0, 1, 2, 3, 4, 5]",random_uniform_v1,1,val
case_f535cad3,cust_8866e75d,152054,card,BANK_DECLINE,8,,0.7371016188775168,low,0.49986485933030256,2,0.16666666666666666,"[0, 1, 2, 3, 4, 5]",random_uniform_v1,1,val
case_5377a14a,cust_d97d908c,384101,upi,NETWORK_ERROR,11,,0.6023723104036023,low,0.36584235799513576,0,0.16666666666666666,"[0, 1, 2, 3, 4, 5]",random_uniform_v1,0,train
case_e662e927,cust_7099963d,729361,upi,INSUFFICIENT_FUNDS,63,,0.8322336193772956,low,0.3663959657231742,4,0.16666666666666666,"[0, 1, 2, 3, 4, 5]",random_uniform_v1,1,train
case_12549e7e,cust_f36a06e5,85642,upi,BANK_TIMEOUT,33,,0.7932408321431069,low,0.13792127068547624,2,0.16666666666666666,"[0, 1, 2, 3, 4, 5]",random_uniform_v1,1,train
case_4edcef72,cust_76936b21,107831,netbanking,INSUFFICIENT_FUNDS,1,,0.7842947015653658,low,0.4346400881967294,0,0.16666666666666666,"[0, 1, 2, 3, 4, 5]",random_uniform_v1,0,val
case_9f6d0c5e,cust_3e44a591,196835,upi,BANK_TIMEOUT,53,,0.9137268242950493,low,0.5325989087842646,0,0.16666666666666666,"[0, 1, 2, 3, 4, 5]",random_uniform_v1,0,train
case_6936903c,cust_a77dfc64,76207,upi,INSUFFICIENT_FUNDS,17,,0.9799657139350673,low,0.2501203665257794,3,0.16666666666666666,"[0, 1, 2, 3, 4, 5]",random_uniform_v1,1,train
case_0eba8521,cust_08b69ce5,264649,upi,NETWORK_ERROR,5,,0.7957524425298486,low,0.17368874034474854,1,0.16666666666666666,"[0, 1, 2, 3, 4, 5]",random_uniform_v1,1,train
case_d40b57a2,cust_f2bf355f,45899,card,BANK_DECLINE,20,,0.5692030512671981,low,0.4558208139373109,0,0.16666666666666666,"[0, 1, 2, 3, 4, 5]",random_uniform_v1,1,train
case_e7f2ca1f,cust_1097b9e2,129239,netbanking,NETWORK_ERROR,53,,0.755613103531222,medium,0.15944171610906605,4,0.16666666666666666,"[0, 1, 2, 3, 4, 5]",random_uniform_v1,1,test
case_bd590fb8,cust_1a094d93,97141,upi,BANK_TIMEOUT,32,,0.7976474089764536,low,0.8197759596925491,0,0.16666666666666666,"[0, 1, 2, 3, 4, 5]",random_uniform_v1,1,train
case_5118b28c,cust_a77d8dc9,98509,upi,INSUFFICIENT_FUNDS,55,,0.5726721394842992,low,0.6516282074771473,1,0.16666666666666666,"[0, 1, 2, 3, 4, 5]",random_uniform_v1,0,train
case_7e01daf3,cust_6c4d1c82,122390,netbanking,INSUFFICIENT_FUNDS,15,,0.8685817248653152,low,0.050625182142009784,5,0.16666666666666666,"[0, 1, 2, 3, 4, 5]",random_uniform_v1,1,train
case_c0759876,cust_c83f9de5,73941,upi,INSUFFICIENT_FUNDS,4,,0.8065010080412571,medium,0.5107933901360749,2,0.16666666666666666,"[0, 1, 2, 3, 4, 5]",random_uniform_v1,1,train
case_588e1292,cust_2b78e2dc,983578,upi,BANK_TIMEOUT,15,,1.0,low,0.16700129565451877,1,0.16666666666666666,"[0, 1, 2, 3, 4, 5]",random_uniform_v1,1,train
case_526567fa,cust_0b1cd06e,70061,upi,INSUFFICIENT_FUNDS,51,,0.9449566069410739,low,0.5140810156768606,3,0.16666666666666666,"[0, 1, 2, 3, 4, 5]",random_uniform_v1,0,val
case_5ce7b580,cust_a4884a02,456606,card,BANK_DECLINE,55,,0.7479880799102872,low,0.9111882925463479,1,0.16666666666666666,"[0, 1, 2, 3, 4, 5]",random_uniform_v1,1,train
case_025810f7,cust_0e668c95,4455,upi,BANK_TIMEOUT,75,,0.7453714034422494,high,0.0,0,0.16666666666666666,"[0, 1, 2, 3, 4, 5]",random_uniform_v1,1,test
case_20ceb4b9,cust_c71c2f64,131255,upi,INSUFFICIENT_FUNDS,88,,0.6850384906365566,low,0.7569797227217172,0,0.16666666666666666,"[0, 1, 2, 3, 4, 5]",random_uniform_v1,0,train
case_ca1ca2e9,cust_b33614fb,47426,card,INSUFFICIENT_FUNDS,14,,1.0,medium,0.4828240205794087,0,0.16666666666666666,"[0, 1, 2, 3, 4, 5]",random_uniform_v1,1,train
case_7f1beef7,cust_106af244,125285,card,NETWORK_ERROR,0,,0.22981472684090753,low,0.3465962567379923,2,0.16666666666666666,"[0, 1, 2, 3, 4, 5]",random_uniform_v1,1,train
case_4a310426,cust_90b28d41,27667,upi,INSUFFICIENT_FUNDS,38,,0.6362005191803863,low,0.5737598498965912,1,0.16666666666666666,"[0, 1, 2, 3, 4, 5]",random_uniform_v1,0,train
case_8b0b1bcc,cust_6cc2e590,722667,upi,BANK_TIMEOUT,44,,0.6866674945570351,low,0.5360796297286619,3,0.16666666666666666,"[0, 1, 2, 3, 4, 5]",random_uniform_v1,1,train
case_be9c05c0,cust_4d81616b,11117,upi,INSUFFICIENT_FUNDS,91,,0.8624186550237236,low,0.77585360349655,2,0.16666666666666666,"[0, 1, 2, 3, 4, 5]",random_uniform_v1,1,train
case_c855e1bf,cust_3dd2d807,155892,upi,BANK_TIMEOUT,45,,0.7506250562610366,low,0.5450700346038169,4,0.16666666666666666,"[0, 1, 2, 3, 4, 5]",random_uniform_v1,1,train
case_abbe4b49,cust_a56708ea,138735,upi,INSUFFICIENT_FUNDS,5,,0.6704506075858464,medium,0.6395282162531695,1,0.16666666666666666,"[0, 1, 2, 3, 4, 5]",random_uniform_v1,0,train
case_76c4b200,cust_9eecb917,98906,upi,BANK_TIMEOUT,5,,0.6256668557647597,low,0.1834136436794036,1,0.16666666666666666,"[0, 1, 2, 3, 4, 5]",random_uniform_v1,1,train
case_f82ea278,cust_6f8cdb5b,248170,card,INSUFFICIENT_FUNDS,4,,0.8863890795256579,low,0.5840092763486803,0,0.16666666666666666,"[0, 1, 2, 3, 4, 5]",random_uniform_v1,1,train
case_8fc7945d,cust_a9bc21d3,163734,upi,BANK_TIMEOUT,52,,0.8875740697283762,low,0.38657467224059594,1,0.16666666666666666,"[0, 1, 2, 3, 4, 5]",random_uniform_v1,1,train
case_16bdfea6,cust_03dca26e,129461,card,INSUFFICIENT_FUNDS,1,,0.5533297679634452,high,0.04944271498636395,3,0.16666666666666666,"[0, 1, 2, 3, 4, 5]",random_uniform_v1,0,val
case_9d6ad9d1,cust_85137f90,85826,upi,INSUFFICIENT_FUNDS,41,,0.7939602442762217,medium,0.3027564226433651,3,0.16666666666666666,"[0, 1, 2, 3, 4, 5]",random_uniform_v1,0,train
case_833cdee6,cust_a698a379,191553,card,INSUFFICIENT_FUNDS,42,,0.7855866093360142,low,0.47363064128999494,3,0.16666666666666666,"[0, 1, 2, 3, 4, 5]",random_uniform_v1,1,train
case_d409fe05,cust_2bd7d0db,910121,card,INSUFFICIENT_FUNDS,3,,0.7423644674122796,low,0.09788314506178097,3,0.16666666666666666,"[0, 1, 2, 3, 4, 5]",random_uniform_v1,0,test
case_c3f01633,cust_1ec07afc,112144,card,BANK_DECLINE,1,,1.0,low,0.37273213644019726,4,0.16666666666666666,"[0, 1, 2, 3, 4, 5]",random_uniform_v1,0,train
case_dfb7cdb8,cust_23676b76,284585,upi,INSUFFICIENT_FUNDS,50,,0.9533322551131603,low,0.4448587696688087,0,0.16666666666666666,"[0, 1, 2, 3, 4, 5]",random_uniform_v1,1,test
case_e0e90cc4,cust_d4eff55e,172366,upi,BANK_TIMEOUT,6,,0.9250479801149203,low,0.7127531162197804,4,0.16666666666666666,"[0, 1, 2, 3, 4, 5]",random_uniform_v1,1,test
case_78a20a45,cust_e50daac1,219191,upi,NETWORK_ERROR,39,,0.46024726770648094,medium,0.6977989462206975,4,0.16666666666666666,"[0, 1, 2, 3, 4, 5]",random_uniform_v1,0,train
case_02101277,cust_7a2f44e6,59276,netbanking,BANK_DECLINE,43,,0.9919843844145676,low,0.006271967880879095,5,0.16666666666666666,"[0, 1, 2, 3, 4, 5]",random_uniform_v1,1,train
case_0cd6d3ca,cust_ef517ff1,94866,card,BANK_DECLINE,45,,0.6202052917762189,low,0.7306432740218801,0,0.16666666666666666,"[0, 1, 2, 3, 4, 5]",random_uniform_v1,1,train
case_8992fd8b,cust_bff24268,15872,netbanking,INSUFFICIENT_FUNDS,12,,0.6413941778958985,medium,0.043688805443761025,4,0.16666666666666666,"[0, 1, 2, 3, 4, 5]",random_uniform_v1,0,train
case_bacc0adb,cust_04216552,266495,netbanking,NETWORK_ERROR,7,,0.5771145164050143,low,0.1379523218078541,0,0.16666666666666666,"[0, 1, 2, 3, 4, 5]",random_uniform_v1,1,train
case_b9c537fd,cust_73eb3953,130991,upi,BANK_TIMEOUT,43,,0.837118182726243,low,0.5617979271219984,1,0.16666666666666666,"[0, 1, 2, 3, 4, 5]",random_uniform_v1,1,train
case_dacbbfb6,cust_544d6e97,102235,upi,NETWORK_ERROR,46,,0.8565107954039965,low,0.22974489001531567,2,0.16666666666666666,"[0, 1, 2, 3, 4, 5]",random_uniform_v1,1,test
case_64b4ac52,cust_8261ff69,125979,upi,BANK_TIMEOUT,57,,0.5901706816533555,medium,0.3197952932744503,4,0.16666666666666666,"[0, 1, 2, 3, 4, 5]",random_uniform_v1,0,val
case_523b5067,cust_e35a5a9b,445504,upi,BANK_TIMEOUT,48,,0.5644472252912565,low,0.6318525360434801,2,0.16666666666666666,"[0, 1, 2, 3, 4, 5]",random_uniform_v1,1,train
case_880ac1c7,cust_f6c79602,78507,netbanking,BANK_DECLINE,58,,0.8949782498922433,low,0.4590054511071118,3,0.16666666666666666,"[0, 1, 2, 3, 4, 5]",random_uniform_v1,1,train
case_a98c2c0c,cust_eca37030,450013,upi,INSUFFICIENT_FUNDS,39,,0.7511596421639122,low,0.5448095646737294,4,0.16666666666666666,"[0, 1, 2, 3, 4, 5]",random_uniform_v1,1,train
case_264e7155,cust_781747fd,10811,card,INSUFFICIENT_FUNDS,23,,0.9051356066793711,low,0.25377459048645673,3,0.16666666666666666,"[0, 1, 2, 3, 4, 5]",random_uniform_v1,0,test
case_9253b4a3,cust_93448797,1723212,upi,INSUFFICIENT_FUNDS,14,,1.0,low,0.7880143442353851,1,0.16666666666666666,"[0, 1, 2, 3, 4, 5]",random_uniform_v1,0,train
case_4688dec2,cust_6ac17b08,247630,card,BANK_DECLINE,17,,0.8021381536985122,low,0.2470444458579654,4,0.16666666666666666,"[0, 1, 2, 3, 4, 5]",random_uniform_v1,1,train
case_a25eef2d,cust_5eb0a65e,40486,card,BANK_DECLINE,38,,0.5368640142682686,low,0.5069409114859774,2,0.16666666666666666,"[0, 1, 2, 3, 4, 5]",random_uniform_v1,0,train
case_e76ef0d6,cust_88506405,244130,upi,INSUFFICIENT_FUNDS,20,,0.79373476049347,low,0.37809566488493046,1,0.16666666666666666,"[0, 1, 2, 3, 4, 5]",random_uniform_v1,0,test
case_21745bb0,cust_9f33831e,33947,card,BANK_DECLINE,14,,1.0,low,0.5772865739178248,5,0.16666666666666666,"[0, 1, 2, 3, 4, 5]",random_uniform_v1,1,train
case_19cb85d9,cust_beb8c276,21743,card,BANK_DECLINE,87,,0.7669896690865927,medium,0.569316202210972,2,0.16666666666666666,"[0, 1, 2, 3, 4, 5]",random_uniform_v1,1,train
case_3af34f75,cust_1b52845e,249551,card,BANK_DECLINE,0,,0.6695448158491378,high,0.4878551818571041,2,0.16666666666666666,"[0, 1, 2, 3, 4, 5]",random_uniform_v1,0,val
case_8512096d,cust_7b24d8a4,511774,card,BANK_DECLINE,3,,0.9710751460041076,low,0.3235764837225421,0,0.16666666666666666,"[0, 1, 2, 3, 4, 5]",random_uniform_v1,0,train
case_242c53f6,cust_1a0bd0b2,153529,card,INSUFFICIENT_FUNDS,44,,0.8170452622529384,low,0.4851222994622902,2,0.16666666666666666,"[0, 1, 2, 3, 4, 5]",random_uniform_v1,1,train
case_1a3e2205,cust_4f34acc2,47438,upi,BANK_TIMEOUT,18,,0.7653503881519287,medium,0.05972275923056053,5,0.16666666666666666,"[0, 1, 2, 3, 4, 5]",random_uniform_v1,1,train
case_acc39886,cust_fe40355a,243199,card,NETWORK_ERROR,2,,0.8552904463081915,medium,0.49798570290781813,5,0.16666666666666666,"[0, 1, 2, 3, 4, 5]",random_uniform_v1,1,train
case_24ad0a3c,cust_3eaf6901,22118,card,INSUFFICIENT_FUNDS,55,,0.8355141491726216,low,0.7453325819573191,0,0.16666666666666666,"[0, 1, 2, 3, 4, 5]",random_uniform_v1,0,train
case_75f3bdd6,cust_0a2f457e,162948,upi,NETWORK_ERROR,62,,0.7937350927438052,medium,0.5833919752920438,3,0.16666666666666666,"[0, 1, 2, 3, 4, 5]",random_uniform_v1,1,train
case_0e57b257,cust_e48add50,273010,upi,INSUFFICIENT_FUNDS,15,,0.7905360354572554,low,0.27957950496687484,2,0.16666666666666666,"[0, 1, 2, 3, 4, 5]",random_uniform_v1,1,val
case_8ce3769b,cust_f3f2e674,77367,upi,NETWORK_ERROR,1,,0.7036572165482169,low,0.024755714890633787,2,0.16666666666666666,"[0, 1, 2, 3, 4, 5]",random_uniform_v1,1,train
case_8d0e39b7,cust_6e441d12,143508,upi,NETWORK_ERROR,38,,0.9307209587031934,low,0.7536633350660354,1,0.16666666666666666,"[0, 1, 2, 3, 4, 5]",random_uniform_v1,1,train
case_cc25e26b,cust_e390b75e,38408,upi,BANK_TIMEOUT,31,,0.5959119878640972,low,0.09329829580560667,0,0.16666666666666666,"[0, 1, 2, 3, 4, 5]",random_uniform_v1,1,train
case_3e34bf9c,cust_0672d4e0,42318,upi,BANK_TIMEOUT,35,,1.0,low,0.7866033307801354,1,0.16666666666666666,"[0, 1, 2, 3, 4, 5]",random_uniform_v1,1,train
case_5170a38f,cust_eb20c33d,430902,upi,BANK_TIMEOUT,15,,0.9714580789705607,low,0.6972014502337955,1,0.16666666666666666,"[0, 1, 2, 3, 4, 5]",random_uniform_v1,1,test
case_30c43639,cust_0f744f9e,7806,upi,NETWORK_ERROR,60,,1.0,medium,0.7892015481191104,3,0.16666666666666666,"[0, 1, 2, 3, 4, 5]",random_uniform_v1,1,train
case_07f9a27f,cust_93de010b,102995,upi,NETWORK_ERROR,6,,0.6400984755138261,low,0.22088611717526035,0,0.16666666666666666,"[0, 1, 2, 3, 4, 5]",random_uniform_v1,1,test
case_b28019b7,cust_0c677097,100514,card,INSUFFICIENT_FUNDS,26,,0.6567959381101224,medium,0.0,0,0.16666666666666666,"[0, 1, 2, 3, 4, 5]",random_uniform_v1,1,test
case_d08c3e0d,cust_4c8086fe,12327,upi,NETWORK_ERROR,10,,0.9730085260154999,low,0.5737784663126507,0,0.16666666666666666,"[0, 1, 2, 3, 4, 5]",random_uniform_v1,1,train
case_010608e2,cust_dc3c3fdd,31716,upi,INSUFFICIENT_FUNDS,17,,0.4981604121086915,low,0.4399679760391031,2,0.16666666666666666,"[0, 1, 2, 3, 4, 5]",random_uniform_v1,1,train
case_d6fd543a,cust_2501d554,212664,card,BANK_DECLINE,60,,0.9070467647035108,low,0.6754279494030655,0,0.16666666666666666,"[0, 1, 2, 3, 4, 5]",random_uniform_v1,0,test
case_40223eaf,cust_485a690a,33412,netbanking,BANK_DECLINE,19,,0.607209374387508,low,0.43059430624755307,0,0.16666666666666666,"[0, 1, 2, 3, 4, 5]",random_uniform_v1,0,test
case_c509ea91,cust_8ebb2703,95084,upi,BANK_TIMEOUT,3,,0.6855989448116034,high,0.8647896803546744,3,0.16666666666666666,"[0, 1, 2, 3, 4, 5]",random_uniform_v1,1,train
case_5338867b,cust_42cdeea5,18592,card,INSUFFICIENT_FUNDS,4,,0.9373287212511879,low,0.6767615028125574,1,0.16666666666666666,"[0, 1, 2, 3, 4, 5]",random_uniform_v1,1,train
case_1704d039,cust_ae7c6a1a,23508,card,BANK_DECLINE,37,,0.9057093473210297,low,0.13671760150505324,4,0.16666666666666666,"[0, 1, 2, 3, 4, 5]",random_uniform_v1,1,train
case_d4a32e6f,cust_cf70d177,165919,upi,INSUFFICIENT_FUNDS,16,,0.98142487949009,low,0.5225659248498497,5,0.16666666666666666,"[0, 1, 2, 3, 4, 5]",random_uniform_v1,1,val
case_32ce6cde,cust_4db883df,123880,upi,BANK_TIMEOUT,3,,0.40489443606193765,low,0.0,2,0.16666666666666666,"[0, 1, 2, 3, 4, 5]",random_uniform_v1,1,test
case_897beb81,cust_4824f8e4,201775,upi,NETWORK_ERROR,42,,0.6738732946055237,high,0.6257501565756793,3,0.16666666666666666,"[0, 1, 2, 3, 4, 5]",random_uniform_v1,1,train
case_04c7e0bb,cust_e1441a19,117673,card,BANK_DECLINE,43,,0.8058907030924788,low,0.6258599441991936,4,0.16666666666666666,"[0, 1, 2, 3, 4, 5]",random_uniform_v1,1,test
case_a92a1b1e,cust_61e94abb,44957,upi,NETWORK_ERROR,1,,0.998284122364979,low,0.6352342094480805,1,0.16666666666666666,"[0, 1, 2, 3, 4, 5]",random_uniform_v1,0,val
case_b19120bd,cust_20510e87,7199,upi,BANK_TIMEOUT,5,,0.7134550152666633,low,0.40993412593760425,3,0.16666666666666666,"[0, 1, 2, 3, 4, 5]",random_uniform_v1,1,train
case_5a38228a,cust_d7c0c182,819646,upi,BANK_TIMEOUT,43,,0.9690996409430092,medium,0.02473138659240995,2,0.16666666666666666,"[0, 1, 2, 3, 4, 5]",random_uniform_v1,1,train
case_58b1b016,cust_b1901104,485341,netbanking,INSUFFICIENT_FUNDS,8,,0.9033705177663193,low,0.6987681219354039,5,0.16666666666666666,"[0, 1, 2, 3, 4, 5]",random_uniform_v1,1,val
case_a2f4f392,cust_ab0ed5a5,155909,card,BANK_DECLINE,24,,0.534650513336138,low,0.5420381276436513,1,0.16666666666666666,"[0, 1, 2, 3, 4, 5]",random_uniform_v1,0,train
case_d8ce26c1,cust_6b4a3aa1,120762,card,INSUFFICIENT_FUNDS,3,,0.5762221944979649,low,0.23090552916255222,0,0.16666666666666666,"[0, 1, 2, 3, 4, 5]",random_uniform_v1,0,train
case_5c520e83,cust_5fa939cd,158589,netbanking,BANK_DECLINE,32,,0.6938168848269153,medium,0.2422052689461039,2,0.16666666666666666,"[0, 1, 2, 3, 4, 5]",random_uniform_v1,1,train
case_9ba83fd3,cust_603bcf64,365244,card,INSUFFICIENT_FUNDS,44,,0.9087658520401823,medium,0.5968339413505112,5,0.16666666666666666,"[0, 1, 2, 3, 4, 5]",random_uniform_v1,1,train
case_8d972444,cust_4555a68d,86843,upi,INSUFFICIENT_FUNDS,8,,0.9259782831141774,low,0.5221759293860055,0,0.16666666666666666,"[0, 1, 2, 3, 4, 5]",random_uniform_v1,0,train
case_c2407a39,cust_7103d651,32910,upi,INSUFFICIENT_FUNDS,4,,0.5057499777956327,medium,0.5207017049538023,1,0.16666666666666666,"[0, 1, 2, 3, 4, 5]",random_uniform_v1,0,train
case_65ff3660,cust_75a46a44,6952,netbanking,INSUFFICIENT_FUNDS,17,,0.6721718357130859,low,0.5510833428363742,2,0.16666666666666666,"[0, 1, 2, 3, 4, 5]",random_uniform_v1,1,train
case_af24af2f,cust_b6b57530,112629,upi,NETWORK_ERROR,8,,0.5260217321814246,low,0.4534365592812597,1,0.16666666666666666,"[0, 1, 2, 3, 4, 5]",random_uniform_v1,1,train
case_1bafec8c,cust_75dc40f2,1019356,card,BANK_DECLINE,10,,0.6571900940892816,low,0.522754444509397,1,0.16666666666666666,"[0, 1, 2, 3, 4, 5]",random_uniform_v1,1,train
case_cc4490dc,cust_0576aecd,97769,upi,NETWORK_ERROR,23,,0.9128014258371312,low,0.3906654594249179,3,0.16666666666666666,"[0, 1, 2, 3, 4, 5]",random_uniform_v1,1,train
case_1cc087ae,cust_99a425fa,70881,upi,BANK_TIMEOUT,38,,0.6946707135365041,medium,0.6870228454050563,2,0.16666666666666666,"[0, 1, 2, 3, 4, 5]",random_uniform_v1,1,train
case_c1874aa9,cust_0d62a7f7,168298,upi,INSUFFICIENT_FUNDS,33,,0.5469600902908466,high,0.424157659408678,4,0.16666666666666666,"[0, 1, 2, 3, 4, 5]",random_uniform_v1,1,train
case_8e4119e3,cust_539ded9a,18646,upi,NETWORK_ERROR,31,,0.7817272650513609,low,0.8786384619338496,5,0.16666666666666666,"[0, 1, 2, 3, 4, 5]",random_uniform_v1,1,train
case_fa17be15,cust_469a60c1,356831,upi,BANK_TIMEOUT,7,,0.9016769270667172,medium,0.7142742075981315,5,0.16666666666666666,"[0, 1, 2, 3, 4, 5]",random_uniform_v1,1,train
case_fcd49bff,cust_8ca6bf35,80428,upi,NETWORK_ERROR,47,,0.4254470196028963,low,0.8616371195717556,3,0.16666666666666666,"[0, 1, 2, 3, 4, 5]",random_uniform_v1,1,train
case_cfbc965e,cust_4f6c209e,331460,card,BANK_DECLINE,6,,0.9263772956014088,low,0.6169151909130202,3,0.16666666666666666,"[0, 1, 2, 3, 4, 5]",random_uniform_v1,0,train
case_355bbcca,cust_53a01c5b,231835,upi,INSUFFICIENT_FUNDS,37,,0.5002957104684995,medium,0.3514496628683997,5,0.16666666666666666,"[0, 1, 2, 3, 4, 5]",random_uniform_v1,1,val
case_cfa77a0e,cust_d755f87e,260662,card,BANK_DECLINE,18,,0.7955756954994404,low,0.20967048060823057,0,0.16666666666666666,"[0, 1, 2, 3, 4, 5]",random_uniform_v1,1,test
case_54bf73a7,cust_90cdaa54,13473,upi,INSUFFICIENT_FUNDS,34,,0.8440931520510913,low,0.054078277161358435,0,0.16666666666666666,"[0, 1, 2, 3, 4, 5]",random_uniform_v1,1,train
case_ac019f53,cust_fe4fb845,48264,upi,BANK_TIMEOUT,8,,0.7409653213009393,medium,0.6160953626522778,0,0.16666666666666666,"[0, 1, 2, 3, 4, 5]",random_uniform_v1,1,val
case_067abda1,cust_e830a12f,41913,netbanking,BANK_DECLINE,26,,0.7777526795300218,low,0.5850417719162623,4,0.16666666666666666,"[0, 1, 2, 3, 4, 5]",random_uniform_v1,0,train
case_4e8c3aff,cust_71b49a2f,117093,netbanking,INSUFFICIENT_FUNDS,16,,1.0,medium,0.4589329851930314,2,0.16666666666666666,"[0, 1, 2, 3, 4, 5]",random_uniform_v1,1,test
case_fbbe71f0,cust_a0600e0b,15998,card,BANK_TIMEOUT,15,,0.4986530768728217,low,0.292205646086388,3,0.16666666666666666,"[0, 1, 2, 3, 4, 5]",random_uniform_v1,1,train
case_885e4f8d,cust_1a5dcb57,64516,upi,INSUFFICIENT_FUNDS,2,,0.7938456687515956,medium,0.6520233370784955,2,0.16666666666666666,"[0, 1, 2, 3, 4, 5]",random_uniform_v1,1,train
case_ddc18c66,cust_1f669a46,12859,card,BANK_DECLINE,38,,0.34044667023811226,low,0.17935472860364918,4,0.16666666666666666,"[0, 1, 2, 3, 4, 5]",random_uniform_v1,0,train
case_4f867724,cust_0ff59ce1,65318,card,BANK_TIMEOUT,27,,0.7102443710118219,medium,0.5561463380404253,4,0.16666666666666666,"[0, 1, 2, 3, 4, 5]",random_uniform_v1,1,test
case_70a9ad1d,cust_b6aaa7b1,105907,upi,INSUFFICIENT_FUNDS,103,,0.920608987733505,low,0.8377236320741105,4,0.16666666666666666,"[0, 1, 2, 3, 4, 5]",random_uniform_v1,1,train
case_74e1c8b0,cust_870794ab,99972,card,INSUFFICIENT_FUNDS,56,,0.8289254768952368,low,0.04636327792297085,2,0.16666666666666666,"[0, 1, 2, 3, 4, 5]",random_uniform_v1,1,test
case_07f0158a,cust_d66da7a2,145871,upi,INSUFFICIENT_FUNDS,0,,0.698506098739461,low,0.3095609264336466,2,0.16666666666666666,"[0, 1, 2, 3, 4, 5]",random_uniform_v1,1,val
case_5a150dc9,cust_4119b021,1242983,card,BANK_DECLINE,43,,0.908092240763108,low,0.6594233207624612,3,0.16666666666666666,"[0, 1, 2, 3, 4, 5]",random_uniform_v1,0,train
case_22b8f10c,cust_e252e57b,25216,upi,BANK_TIMEOUT,5,,0.8541696132272474,low,0.260595292424718,3,0.16666666666666666,"[0, 1, 2, 3, 4, 5]",random_uniform_v1,1,test
case_9ea872fa,cust_c2822c1b,28737,upi,BANK_TIMEOUT,117,,1.0,low,0.5504630278972665,0,0.16666666666666666,"[0, 1, 2, 3, 4, 5]",random_uniform_v1,1,train
case_73101c01,cust_b795f0eb,119702,card,BANK_DECLINE,14,,0.8679966008070094,low,0.3316033045111836,3,0.16666666666666666,"[0, 1, 2, 3, 4, 5]",random_uniform_v1,0,train
case_b3522e6b,cust_71442e16,320620,upi,BANK_TIMEOUT,2,,1.0,low,0.3486269798031038,3,0.16666666666666666,"[0, 1, 2, 3, 4, 5]",random_uniform_v1,1,val
case_6c46fc5c,cust_bab79ed7,3189,upi,BANK_TIMEOUT,31,,0.7262034322731153,medium,0.7337204001105804,0,0.16666666666666666,"[0, 1, 2, 3, 4, 5]",random_uniform_v1,1,train
case_8148d5d7,cust_b4a87b4d,1317181,card,BANK_DECLINE,38,,0.5680813158034849,low,0.6231627964861712,5,0.16666666666666666,"[0, 1, 2, 3, 4, 5]",random_uniform_v1,1,train
case_663f1de5,cust_b6105993,161546,upi,INSUFFICIENT_FUNDS,31,,0.4483866638635654,high,0.22487579951484857,1,0.16666666666666666,"[0, 1, 2, 3, 4, 5]",random_uniform_v1,0,test
case_42256378,cust_85229ecf,570230,upi,NETWORK_ERROR,60,,0.5437401840904262,medium,0.22963512841996603,1,0.16666666666666666,"[0, 1, 2, 3, 4, 5]",random_uniform_v1,1,test
case_bd718601,cust_3b236c94,171885,netbanking,INSUFFICIENT_FUNDS,11,,0.9765623015252247,medium,0.016720586891337916,0,0.16666666666666666,"[0, 1, 2, 3, 4, 5]",random_uniform_v1,0,train
case_603da807,cust_1b0e3ceb,263702,upi,BANK_TIMEOUT,17,,0.787915530862232,low,0.2539488051442396,0,0.16666666666666666,"[0, 1, 2, 3, 4, 5]",random_uniform_v1,1,train
case_c15fb40a,cust_e9b17eb5,160924,card,INSUFFICIENT_FUNDS,57,,0.7609061518564028,low,0.28657247973290007,3,0.16666666666666666,"[0, 1, 2, 3, 4, 5]",random_uniform_v1,1,train
case_1c75dbe3,cust_d40f2f05,219577,upi,INSUFFICIENT_FUNDS,10,,0.8002439051327834,medium,0.5440715946242514,5,0.16666666666666666,"[0, 1, 2, 3, 4, 5]",random_uniform_v1,1,train
case_f845fbe0,cust_e3aadcd1,360390,card,NETWORK_ERROR,50,,0.8404657297796382,low,0.26450147824810877,4,0.16666666666666666,"[0, 1, 2, 3, 4, 5]",random_uniform_v1,1,train
case_c13bec3d,cust_722b5a98,18836,upi,INSUFFICIENT_FUNDS,18,,0.66718685328387,high,0.28308211045107917,4,0.16666666666666666,"[0, 1, 2, 3, 4, 5]",random_uniform_v1,0,val
case_911e348f,cust_eaede957,173091,upi,INSUFFICIENT_FUNDS,26,,0.8197332846283264,low,0.0,2,0.16666666666666666,"[0, 1, 2, 3, 4, 5]",random_uniform_v1,1,train
case_4829c771,cust_72edfa0a,72721,upi,NETWORK_ERROR,44,,0.6038379596719532,low,0.37553925766594803,4,0.16666666666666666,"[0, 1, 2, 3, 4, 5]",random_uniform_v1,0,test
case_34daf2e6,cust_b15593c3,197930,card,BANK_DECLINE,13,,0.7318824136101045,low,0.33751080240452375,0,0.16666666666666666,"[0, 1, 2, 3, 4, 5]",random_uniform_v1,0,test
case_649e0edb,cust_3e026133,303735,card,BANK_DECLINE,1,,0.7215014284884432,low,0.32336575671112777,2,0.16666666666666666,"[0, 1, 2, 3, 4, 5]",random_uniform_v1,1,val
case_337040e4,cust_c40d1f16,1535875,upi,INSUFFICIENT_FUNDS,25,,0.48984793364241985,low,0.5036912466635439,1,0.16666666666666666,"[0, 1, 2, 3, 4, 5]",random_uniform_v1,0,test
case_44cee766,cust_cb28a816,210860,card,BANK_DECLINE,56,,0.8858280920856605,medium,0.16175968412692585,4,0.16666666666666666,"[0, 1, 2, 3, 4, 5]",random_uniform_v1,0,val
case_9b2ebff9,cust_9a9c2eb9,56466,upi,INSUFFICIENT_FUNDS,11,,0.7644500864014286,low,0.0,0,0.16666666666666666,"[0, 1, 2, 3, 4, 5]",random_uniform_v1,1,test
case_bd634fce,cust_b3efe728,111936,upi,INSUFFICIENT_FUNDS,13,,0.6739673994788686,low,0.4365045622586503,1,0.16666666666666666,"[0, 1, 2, 3, 4, 5]",random_uniform_v1,0,train
case_db2a4e28,cust_5015e41b,127342,upi,NETWORK_ERROR,2,,0.7533436355629841,low,0.03232040916194823,2,0.16666666666666666,"[0, 1, 2, 3, 4, 5]",random_uniform_v1,1,train
case_30c71b7e,cust_63df28da,196456,card,BANK_DECLINE,33,,0.46442271495829807,medium,0.43170852147468974,1,0.16666666666666666,"[0, 1, 2, 3, 4, 5]",random_uniform_v1,0,train
case_88dc0b61,cust_14560e96,59382,upi,BANK_TIMEOUT,41,,0.8677010858309142,low,0.45993321614649413,1,0.16666666666666666,"[0, 1, 2, 3, 4, 5]",random_uniform_v1,1,train
case_cb134ce0,cust_2928070d,122037,netbanking,BANK_DECLINE,3,,0.656812272579546,low,0.6057032656011758,2,0.16666666666666666,"[0, 1, 2, 3, 4, 5]",random_uniform_v1,0,train
case_485653ea,cust_566e3f53,83481,netbanking,BANK_DECLINE,19,,0.7251643830869421,low,0.5047449786767803,0,0.16666666666666666,"[0, 1, 2, 3, 4, 5]",random_uniform_v1,0,train
case_c4db15de,cust_f2c714e2,167909,upi,BANK_TIMEOUT,26,,1.0,low,0.24498870604627285,2,0.16666666666666666,"[0, 1, 2, 3, 4, 5]",random_uniform_v1,1,train
case_5ec4804c,cust_efa0bcd2,168541,upi,INSUFFICIENT_FUNDS,25,,0.7236790537326513,low,0.00936509247348357,0,0.16666666666666666,"[0, 1, 2, 3, 4, 5]",random_uniform_v1,1,train
case_6c56ada2,cust_8e0ae0be,4428,card,BANK_DECLINE,1,,0.6355632839942388,low,0.13712910056209743,4,0.16666666666666666,"[0, 1, 2, 3, 4, 5]",random_uniform_v1,0,train
case_dcc91c31,cust_ea897b76,11474,card,BANK_DECLINE,3,,0.7955622557548754,medium,0.682379915335179,5,0.16666666666666666,"[0, 1, 2, 3, 4, 5]",random_uniform_v1,1,train
case_a598df79,cust_578a3b39,139689,card,INSUFFICIENT_FUNDS,28,,0.8840034316083913,medium,0.5800017062496752,4,0.16666666666666666,"[0, 1, 2, 3, 4, 5]",random_uniform_v1,0,train
case_4d1c089d,cust_5e4fad26,81783,card,INSUFFICIENT_FUNDS,19,,0.7497606958376775,low,0.22017600084487768,4,0.16666666666666666,"[0, 1, 2, 3, 4, 5]",random_uniform_v1,1,train
case_66269b04,cust_a3483aa3,68179,card,INSUFFICIENT_FUNDS,42,,1.0,low,0.7113835737821275,3,0.16666666666666666,"[0, 1, 2, 3, 4, 5]",random_uniform_v1,1,train
case_9793b9f4,cust_74e998e7,32713,card,INSUFFICIENT_FUNDS,42,,0.6016857852276901,medium,0.47687175063621995,3,0.16666666666666666,"[0, 1, 2, 3, 4, 5]",random_uniform_v1,0,train
case_a5042903,cust_53a9fbf0,535309,netbanking,INSUFFICIENT_FUNDS,51,,0.9967572574419378,low,0.8890763611774725,5,0.16666666666666666,"[0, 1, 2, 3, 4, 5]",random_uniform_v1,1,train
case_c96fa0df,cust_ea7275ba,118481,upi,INSUFFICIENT_FUNDS,12,,0.7647544328976522,low,0.1235958859777611,2,0.16666666666666666,"[0, 1, 2, 3, 4, 5]",random_uniform_v1,1,train
case_3b19ea15,cust_9988db3a,137458,upi,INSUFFICIENT_FUNDS,9,,0.4438046423248898,low,0.5075697356316629,3,0.16666666666666666,"[0, 1, 2, 3, 4, 5]",random_uniform_v1,1,val
case_da536fe2,cust_5b0a3229,148551,upi,BANK_TIMEOUT,8,,0.8807079107989749,low,0.13339022976366638,3,0.16666666666666666,"[0, 1, 2, 3, 4, 5]",random_uniform_v1,1,test
case_87d6d323,cust_98cfcc8e,19345,upi,INSUFFICIENT_FUNDS,18,,0.638672419906138,low,0.6176596928040592,3,0.16666666666666666,"[0, 1, 2, 3, 4, 5]",random_uniform_v1,1,train
case_0a9952e8,cust_0dda8f03,42996,upi,INSUFFICIENT_FUNDS,120,,0.7000662415508518,low,0.25184643798426753,3,0.16666666666666666,"[0, 1, 2, 3, 4, 5]",random_uniform_v1,1,train
case_b38e4549,cust_94e0af74,250577,card,INSUFFICIENT_FUNDS,2,,0.6947281643162377,medium,0.1993763534780102,2,0.16666666666666666,"[0, 1, 2, 3, 4, 5]",random_uniform_v1,1,train
case_0a24f2d9,cust_b357204a,224165,card,BANK_DECLINE,62,,0.9293521815161465,low,0.563022262089065,3,0.16666666666666666,"[0, 1, 2, 3, 4, 5]",random_uniform_v1,0,train
case_b50071c9,cust_32183d27,125330,upi,INSUFFICIENT_FUNDS,19,,0.5915938526304787,medium,0.3083431510153479,0,0.16666666666666666,"[0, 1, 2, 3, 4, 5]",random_uniform_v1,1,val
case_9b8e53fd,cust_6e86278a,86283,upi,BANK_TIMEOUT,10,,1.0,high,0.3490940661611432,2,0.16666666666666666,"[0, 1, 2, 3, 4, 5]",random_uniform_v1,1,train
case_669ff609,cust_e4ee8da3,565469,upi,BANK_TIMEOUT,13,,0.8387100538825129,low,0.300896842834873,1,0.16666666666666666,"[0, 1, 2, 3, 4, 5]",random_uniform_v1,1,train
case_a5e920f4,cust_c011aef1,147751,upi,NETWORK_ERROR,23,,0.7105065695391771,high,0.06535329807854898,4,0.16666666666666666,"[0, 1, 2, 3, 4, 5]",random_uniform_v1,1,train
case_6a2bdf3c,cust_c3e3c5d9,121222,upi,INSUFFICIENT_FUNDS,2,,0.8986780292525878,low,0.5852808184642038,4,0.16666666666666666,"[0, 1, 2, 3, 4, 5]",random_uniform_v1,0,test
case_b7c95aeb,cust_e6c99910,55054,card,INSUFFICIENT_FUNDS,9,,0.823872934617644,low,0.3583677993338442,3,0.16666666666666666,"[0, 1, 2, 3, 4, 5]",random_uniform_v1,0,train
case_7e9e0ac4,cust_72143491,36497,card,INSUFFICIENT_FUNDS,33,,0.5885420614742034,low,0.6925557765994121,4,0.16666666666666666,"[0, 1, 2, 3, 4, 5]",random_uniform_v1,1,train
case_139b6c63,cust_a01bddb5,165401,upi,BANK_TIMEOUT,14,,0.7302422311630874,medium,0.2524787032483581,5,0.16666666666666666,"[0, 1, 2, 3, 4, 5]",random_uniform_v1,1,val
case_2d934655,cust_5fbd7b65,647699,card,BANK_DECLINE,5,,0.6719072914804922,low,0.33307425407780694,1,0.16666666666666666,"[0, 1, 2, 3, 4, 5]",random_uniform_v1,1,train
case_75436c42,cust_5e5dea6f,22810,netbanking,NETWORK_ERROR,5,,0.7046669977823298,low,0.29078088380578065,4,0.16666666666666666,"[0, 1, 2, 3, 4, 5]",random_uniform_v1,1,train
case_dfed9b4a,cust_bf784adc,396710,card,BANK_DECLINE,11,,0.5821814186205849,low,0.4995547978291195,3,0.16666666666666666,"[0, 1, 2, 3, 4, 5]",random_uniform_v1,1,test
case_61d7f067,cust_3186a9bb,360921,upi,BANK_TIMEOUT,2,,0.7299504864620413,low,0.4567857567187205,3,0.16666666666666666,"[0, 1, 2, 3, 4, 5]",random_uniform_v1,1,train
case_121e4f17,cust_40bd72a4,220440,card,BANK_DECLINE,10,,0.8779388942019818,low,0.12455963844522015,3,0.16666666666666666,"[0, 1, 2, 3, 4, 5]",random_uniform_v1,0,test
case_2728d488,cust_ebe5fd1e,41523,card,INSUFFICIENT_FUNDS,11,,0.6560016810033884,low,0.0,1,0.16666666666666666,"[0, 1, 2, 3, 4, 5]",random_uniform_v1,0,val
case_ecf7f20e,cust_64c1526c,48800,upi,BANK_TIMEOUT,9,,0.7143181789060753,low,0.046902457752765005,4,0.16666666666666666,"[0, 1, 2, 3, 4, 5]",random_uniform_v1,1,train
case_0dd0fb40,cust_114d10d4,188641,upi,NETWORK_ERROR,54,,0.9354146329129002,low,0.6310150428295525,2,0.16666666666666666,"[0, 1, 2, 3, 4, 5]",random_uniform_v1,1,test
case_2495f145,cust_3dca275a,12665,upi,INSUFFICIENT_FUNDS,9,,0.9261345517518101,low,0.7415807581527065,1,0.16666666666666666,"[0, 1, 2, 3, 4, 5]",random_uniform_v1,1,train
case_54024735,cust_cad1b6dc,32633,card,BANK_TIMEOUT,35,,0.44249643101206837,low,0.5144131817529287,3,0.16666666666666666,"[0, 1, 2, 3, 4, 5]",random_uniform_v1,1,train
case_b1028cfa,cust_f1e6da67,72669,card,BANK_DECLINE,32,,0.4749857014444103,low,0.5585520971089106,4,0.16666666666666666,"[0, 1, 2, 3, 4, 5]",random_uniform_v1,0,val
case_af2260e1,cust_b006ab74,575698,upi,INSUFFICIENT_FUNDS,11,,0.7484625639807915,low,0.05273876622944032,0,0.16666666666666666,"[0, 1, 2, 3, 4, 5]",random_uniform_v1,1,val
case_6c3e56e3,cust_87126631,29079,upi,INSUFFICIENT_FUNDS,67,,0.6260299692882496,low,0.2658486103893422,5,0.16666666666666666,"[0, 1, 2, 3, 4, 5]",random_uniform_v1,0,train
case_477eb418,cust_7d317f55,144852,card,BANK_DECLINE,115,,0.7436756237381948,high,0.5034511225795233,0,0.16666666666666666,"[0, 1, 2, 3, 4, 5]",random_uniform_v1,1,train
case_518a89d3,cust_80968d80,46147,upi,BANK_TIMEOUT,13,,0.7580148144893801,low,0.23610679528135198,1,0.16666666666666666,"[0, 1, 2, 3, 4, 5]",random_uniform_v1,1,train
case_9dc50275,cust_5c4fc7f5,43368,card,BANK_DECLINE,52,,0.594407935921499,low,0.4994110858931255,5,0.16666666666666666,"[0, 1, 2, 3, 4, 5]",random_uniform_v1,1,train
case_86e79c37,cust_60eb7439,268061,upi,BANK_TIMEOUT,3,,0.6641763308652551,low,0.49843031664088455,4,0.16666666666666666,"[0, 1, 2, 3, 4, 5]",random_uniform_v1,1,train
case_0325b0d1,cust_5c03f7ed,82688,netbanking,BANK_DECLINE,3,,0.8565256665145793,low,0.6845768502431678,5,0.16666666666666666,"[0, 1, 2, 3, 4, 5]",random_uniform_v1,1,test
case_921cef1c,cust_fd72a3f7,176036,card,INSUFFICIENT_FUNDS,69,,0.7979252006749773,low,0.5726458361436734,5,0.16666666666666666,"[0, 1, 2, 3, 4, 5]",random_uniform_v1,0,train
case_1d85843d,cust_c056ffb0,60195,netbanking,BANK_DECLINE,24,,0.8390008662369928,medium,0.6442660291798272,0,0.16666666666666666,"[0, 1, 2, 3, 4, 5]",random_uniform_v1,0,train
case_4dd90100,cust_80a5790a,577653,card,BANK_DECLINE,23,,0.6308900613226196,low,0.08720037302158908,2,0.16666666666666666,"[0, 1, 2, 3, 4, 5]",random_uniform_v1,1,test
case_d59b4217,cust_b5cf487a,278289,upi,BANK_TIMEOUT,30,,0.9064643328893216,low,0.3291957679891411,1,0.16666666666666666,"[0, 1, 2, 3, 4, 5]",random_uniform_v1,1,train
case_61a55b78,cust_27845c4e,2633526,upi,BANK_TIMEOUT,47,,0.760307915642359,low,0.865333870898958,5,0.16666666666666666,"[0, 1, 2, 3, 4, 5]",random_uniform_v1,0,val
case_8fc4a064,cust_fada35fd,550925,upi,BANK_TIMEOUT,36,,0.8756269926440909,low,0.5261027264779405,2,0.16666666666666666,"[0, 1, 2, 3, 4, 5]",random_uniform_v1,1,train
case_aba729fd,cust_466f2474,107045,netbanking,NETWORK_ERROR,37,,0.7760941128043615,low,0.6078914810166547,0,0.16666666666666666,"[0, 1, 2, 3, 4, 5]",random_uniform_v1,1,train
case_fcdcd312,cust_2e53108c,367636,upi,BANK_TIMEOUT,21,,0.7839476106050794,low,0.08317566682176593,0,0.16666666666666666,"[0, 1, 2, 3, 4, 5]",random_uniform_v1,1,train
case_8105507a,cust_78da6ff7,7291,upi,BANK_TIMEOUT,29,,0.7100599475225647,low,0.37463291505722446,0,0.16666666666666666,"[0, 1, 2, 3, 4, 5]",random_uniform_v1,0,test
case_e5e9a1c9,cust_d30870da,68721,upi,BANK_TIMEOUT,11,,0.7736680929625654,low,0.35291458850294877,1,0.16666666666666666,"[0, 1, 2, 3, 4, 5]",random_uniform_v1,1,val
case_4d26554a,cust_d15bca74,61271,card,BANK_DECLINE,15,,0.9153306472758648,low,0.527802849923012,0,0.16666666666666666,"[0, 1, 2, 3, 4, 5]",random_uniform_v1,1,train
case_df00d39c,cust_bd7b38d5,114881,upi,INSUFFICIENT_FUNDS,13,,0.8604259830336966,low,0.6842901667179819,0,0.16666666666666666,"[0, 1, 2, 3, 4, 5]",random_uniform_v1,1,train
case_ec2ae819,cust_66ce71c5,30761,upi,BANK_TIMEOUT,15,,0.6219934237333424,low,0.6655508213244394,0,0.16666666666666666,"[0, 1, 2, 3, 4, 5]",random_uniform_v1,1,test
case_263678ae,cust_2737a1f9,212155,upi,BANK_TIMEOUT,1,,0.6536755119473617,low,0.1341776032497261,4,0.16666666666666666,"[0, 1, 2, 3, 4, 5]",random_uniform_v1,0,val
case_56bf8e8a,cust_a0abfc50,189767,upi,NETWORK_ERROR,14,,0.43628737897781866,high,0.43471818787032107,1,0.16666666666666666,"[0, 1, 2, 3, 4, 5]",random_uniform_v1,1,test
case_12f03426,cust_fd214afa,79997,netbanking,BANK_DECLINE,33,,0.67041298063411,medium,0.7441871169936941,3,0.16666666666666666,"[0, 1, 2, 3, 4, 5]",random_uniform_v1,0,val
case_7cffa7a5,cust_7ee48105,11001,upi,NETWORK_ERROR,41,,0.6172784684202147,low,0.6168806527285182,3,0.16666666666666666,"[0, 1, 2, 3, 4, 5]",random_uniform_v1,0,test
case_b9342a2e,cust_2dec58a2,126171,upi,BANK_TIMEOUT,77,,0.5808676345262674,medium,0.3319612738864212,3,0.16666666666666666,"[0, 1, 2, 3, 4, 5]",random_uniform_v1,1,train
case_0d866a4c,cust_22d4f872,130805,upi,BANK_TIMEOUT,1,,0.8750126720519119,low,0.48596666514038295,1,0.16666666666666666,"[0, 1, 2, 3, 4, 5]",random_uniform_v1,1,train
case_39312f58,cust_a1fdd27c,138859,upi,BANK_TIMEOUT,18,,0.9565451097404503,medium,0.9082190580375065,3,0.16666666666666666,"[0, 1, 2, 3, 4, 5]",random_uniform_v1,1,train
case_16d1633a,cust_fba2eac8,197354,upi,INSUFFICIENT_FUNDS,0,,0.732070883053778,low,0.4700889553904997,4,0.16666666666666666,"[0, 1, 2, 3, 4, 5]",random_uniform_v1,1,train
case_58e4a369,cust_0aae1b04,1152047,upi,NETWORK_ERROR,18,,0.7592409015172957,low,0.1484910778028497,3,0.16666666666666666,"[0, 1, 2, 3, 4, 5]",random_uniform_v1,1,train
case_95370b7c,cust_fe7d6000,271376,upi,INSUFFICIENT_FUNDS,35,,0.7930468697563351,high,0.06399494793113013,4,0.16666666666666666,"[0, 1, 2, 3, 4, 5]",random_uniform_v1,1,train
case_b30f1492,cust_1b77a5c1,181784,upi,BANK_TIMEOUT,5,,0.6269726283076822,low,0.4402054225266624,4,0.16666666666666666,"[0, 1, 2, 3, 4, 5]",random_uniform_v1,1,test
case_d7d3ac66,cust_ccb505b8,40812,netbanking,BANK_DECLINE,47,,0.8421567300426532,low,0.08765727651833931,2,0.16666666666666666,"[0, 1, 2, 3, 4, 5]",random_uniform_v1,1,train
case_bfe18ffc,cust_d57bf3ad,1115803,upi,BANK_TIMEOUT,17,,0.8741656212423708,low,0.49612283769823917,5,0.16666666666666666,"[0, 1, 2, 3, 4, 5]",random_uniform_v1,1,train
case_30800478,cust_eee091b3,73587,card,INSUFFICIENT_FUNDS,56,,1.0,low,0.1376981709859365,3,0.16666666666666666,"[0, 1, 2, 3, 4, 5]",random_uniform_v1,1,train
case_e445af38,cust_69542913,122823,card,BANK_DECLINE,50,,0.7634632209910305,medium,0.2947696675661901,5,0.16666666666666666,"[0, 1, 2, 3, 4, 5]",random_uniform_v1,1,train
case_5956c19e,cust_53b42b01,87819,upi,BANK_TIMEOUT,21,,0.7491849932632414,medium,0.6107896936135182,4,0.16666666666666666,"[0, 1, 2, 3, 4, 5]",random_uniform_v1,1,val
case_06593e21,cust_ecbae455,77215,upi,INSUFFICIENT_FUNDS,87,,0.5967945300488438,low,0.1513065425543615,0,0.16666666666666666,"[0, 1, 2, 3, 4, 5]",random_uniform_v1,0,train
case_38ee1edd,cust_fbe30b53,119306,upi,BANK_TIMEOUT,28,,0.6210559938677094,low,0.3793946413807845,1,0.16666666666666666,"[0, 1, 2, 3, 4, 5]",random_uniform_v1,1,train
case_2d744cee,cust_eaa29d98,49088,upi,NETWORK_ERROR,164,,0.5701551181058944,low,0.38789470761405337,4,0.16666666666666666,"[0, 1, 2, 3, 4, 5]",random_uniform_v1,1,train
case_dc187529,cust_a8a0aed2,21746,netbanking,BANK_TIMEOUT,3,,0.8092732027661815,low,0.4066179855869908,4,0.16666666666666666,"[0, 1, 2, 3, 4, 5]",random_uniform_v1,1,val
case_47856e1e,cust_30bf22b3,153397,upi,INSUFFICIENT_FUNDS,8,,0.6418636660973512,medium,0.16689686860584077,2,0.16666666666666666,"[0, 1, 2, 3, 4, 5]",random_uniform_v1,1,val
case_fbfb10dd,cust_08210b9e,13477,card,BANK_DECLINE,1,,0.6777691601512644,low,0.023692849451681187,5,0.16666666666666666,"[0, 1, 2, 3, 4, 5]",random_uniform_v1,1,train
case_c79a1a6f,cust_651759a0,33534,upi,BANK_TIMEOUT,14,,0.6678944067741107,low,0.5634366099205407,0,0.16666666666666666,"[0, 1, 2, 3, 4, 5]",random_uniform_v1,1,train
case_c40a8293,cust_d700c651,668725,card,BANK_DECLINE,32,,0.6159165976750234,low,0.0504462506887646,4,0.16666666666666666,"[0, 1, 2, 3, 4, 5]",random_uniform_v1,1,test
case_97a41740,cust_87b95b88,29566,upi,BANK_TIMEOUT,40,,0.7522786011726811,low,0.40050498437146653,2,0.16666666666666666,"[0, 1, 2, 3, 4, 5]",random_uniform_v1,1,train
case_edbc55a1,cust_14a087af,2849,upi,INSUFFICIENT_FUNDS,0,,1.0,low,0.6058620201609322,4,0.16666666666666666,"[0, 1, 2, 3, 4, 5]",random_uniform_v1,1,val
case_bea5e812,cust_42533752,175115,card,NETWORK_ERROR,19,,0.7401247232191661,medium,0.5366672993679668,3,0.16666666666666666,"[0, 1, 2, 3, 4, 5]",random_uniform_v1,1,val
case_a9f3b74d,cust_ffeccff8,230009,upi,INSUFFICIENT_FUNDS,14,,0.6455998336111626,low,0.4724956619563881,1,0.16666666666666666,"[0, 1, 2, 3, 4, 5]",random_uniform_v1,0,test
case_8d0866f4,cust_9cf337eb,161905,card,BANK_DECLINE,10,,0.6337171514434858,medium,0.35384864452393533,4,0.16666666666666666,"[0, 1, 2, 3, 4, 5]",random_uniform_v1,1,train
case_67d55c88,cust_01871000,44915,upi,INSUFFICIENT_FUNDS,4,,0.8584682979197701,low,0.7297453197611583,5,0.16666666666666666,"[0, 1, 2, 3, 4, 5]",random_uniform_v1,1,train
case_f2f3db20,cust_d9c5e9d2,238280,upi,BANK_TIMEOUT,73,,0.845273328798481,low,0.4196287991023324,5,0.16666666666666666,"[0, 1, 2, 3, 4, 5]",random_uniform_v1,1,train
case_24bfe52f,cust_b5905583,51850,upi,INSUFFICIENT_FUNDS,73,,0.1827746350752496,low,0.11851412188301952,1,0.16666666666666666,"[0, 1, 2, 3, 4, 5]",random_uniform_v1,0,val
case_617aefc0,cust_8247f977,179542,card,BANK_DECLINE,10,,0.7981526149792504,low,0.580366600205051,4,0.16666666666666666,"[0, 1, 2, 3, 4, 5]",random_uniform_v1,0,train
case_55e887bb,cust_c9512cf6,684275,upi,NETWORK_ERROR,28,,1.0,low,0.3516103742186169,5,0.16666666666666666,"[0, 1, 2, 3, 4, 5]",random_uniform_v1,1,train
case_c9c4b03c,cust_f4ae48fa,273145,upi,INSUFFICIENT_FUNDS,28,,0.8014528281202028,low,0.8387068609722714,5,0.16666666666666666,"[0, 1, 2, 3, 4, 5]",random_uniform_v1,0,val
case_448e1432,cust_b070d0e9,163051,upi,BANK_TIMEOUT,25,,0.8861459855138956,low,0.2933130921635446,1,0.16666666666666666,"[0, 1, 2, 3, 4, 5]",random_uniform_v1,1,test
case_101eae91,cust_79b70758,55020,card,BANK_TIMEOUT,14,,0.662197542101559,low,0.02132605755009423,0,0.16666666666666666,"[0, 1, 2, 3, 4, 5]",random_uniform_v1,0,val
case_dac0e81c,cust_e3d9638f,85791,upi,BANK_TIMEOUT,56,,0.6987623870525528,medium,0.8270563387926283,1,0.16666666666666666,"[0, 1, 2, 3, 4, 5]",random_uniform_v1,1,test
case_43cb402f,cust_d601ba4e,46862,card,NETWORK_ERROR,5,,0.5908425914861339,medium,0.27071440713221273,3,0.16666666666666666,"[0, 1, 2, 3, 4, 5]",random_uniform_v1,1,val
case_4a37dc42,cust_41db9f49,131425,card,BANK_DECLINE,8,,0.5134832115063471,low,0.3650334255982764,1,0.16666666666666666,"[0, 1, 2, 3, 4, 5]",random_uniform_v1,0,train
case_20cc4d57,cust_b20d1f59,84739,card,INSUFFICIENT_FUNDS,36,,0.7392031576585218,low,0.33769969427318397,3,0.16666666666666666,"[0, 1, 2, 3, 4, 5]",random_uniform_v1,0,val
case_7d668021,cust_a4a36576,68040,upi,INSUFFICIENT_FUNDS,14,,0.6223504514747922,low,0.3236563723915964,5,0.16666666666666666,"[0, 1, 2, 3, 4, 5]",random_uniform_v1,0,train
case_35b9dafd,cust_c710d310,802494,card,BANK_DECLINE,40,,0.5698982333288956,medium,0.18639706805176984,4,0.16666666666666666,"[0, 1, 2, 3, 4, 5]",random_uniform_v1,0,train
case_13b8d11d,cust_81e0f4f3,30267,upi,INSUFFICIENT_FUNDS,80,,0.5964723126752199,low,0.2599116551808404,1,0.16666666666666666,"[0, 1, 2, 3, 4, 5]",random_uniform_v1,0,train
case_9011fde5,cust_1da2e66f,69851,upi,INSUFFICIENT_FUNDS,22,,0.8362992645795233,low,0.2605315691862298,4,0.16666666666666666,"[0, 1, 2, 3, 4, 5]",random_uniform_v1,1,train
case_54ae3877,cust_6f7c07ae,101606,upi,INSUFFICIENT_FUNDS,13,,0.4783758922652068,low,0.3105765637504934,2,0.16666666666666666,"[0, 1, 2, 3, 4, 5]",random_uniform_v1,1,train
case_433df31c,cust_2fd67dde,11013,upi,INSUFFICIENT_FUNDS,54,,0.8921889804037095,medium,0.1963035350235777,5,0.16666666666666666,"[0, 1, 2, 3, 4, 5]",random_uniform_v1,1,test
case_e93063b5,cust_d958f77c,6678,upi,BANK_TIMEOUT,11,,0.8549413826941803,low,0.29769350175589343,1,0.16666666666666666,"[0, 1, 2, 3, 4, 5]",random_uniform_v1,1,train
case_ae50fd6a,cust_babb77bc,264855,upi,BANK_TIMEOUT,30,,1.0,low,0.2740148300957378,3,0.16666666666666666,"[0, 1, 2, 3, 4, 5]",random_uniform_v1,1,train
case_c1163dad,cust_cf45f790,25108,card,INSUFFICIENT_FUNDS,10,,0.7312995098818025,medium,0.2586960267623075,0,0.16666666666666666,"[0, 1, 2, 3, 4, 5]",random_uniform_v1,1,train
case_f35ba779,cust_9ec16877,122322,upi,INSUFFICIENT_FUNDS,24,,0.7548015738554028,low,0.8047507509361889,3,0.16666666666666666,"[0, 1, 2, 3, 4, 5]",random_uniform_v1,1,val
case_1b49bb59,cust_2859f004,204248,card,BANK_DECLINE,26,,0.9415253721252769,medium,0.17612227061925728,4,0.16666666666666666,"[0, 1, 2, 3, 4, 5]",random_uniform_v1,1,train
case_e706c5c3,cust_132e59e4,33234,upi,INSUFFICIENT_FUNDS,1,,0.5723376007967341,low,0.3711059336882569,1,0.16666666666666666,"[0, 1, 2, 3, 4, 5]",random_uniform_v1,0,train
case_07b8988f,cust_068952ca,84338,upi,INSUFFICIENT_FUNDS,16,,0.8647420031378162,low,0.6885848736902671,3,0.16666666666666666,"[0, 1, 2, 3, 4, 5]",random_uniform_v1,0,train
case_c8c464bf,cust_7d9bd7f0,1298647,netbanking,INSUFFICIENT_FUNDS,17,,0.6608828256960702,low,0.4884905016581981,3,0.16666666666666666,"[0, 1, 2, 3, 4, 5]",random_uniform_v1,1,val
case_265d3310,cust_cdd54d46,68638,upi,INSUFFICIENT_FUNDS,12,,0.8118754168861978,medium,0.18001699595504544,2,0.16666666666666666,"[0, 1, 2, 3, 4, 5]",random_uniform_v1,1,train
case_8929f0d2,cust_fc90a053,80456,card,NETWORK_ERROR,5,,0.1338027089067496,medium,0.5657047997753386,3,0.16666666666666666,"[0, 1, 2, 3, 4, 5]",random_uniform_v1,1,train
case_4c91faec,cust_55f49ce4,12753,upi,NETWORK_ERROR,1,,0.7062996634865473,low,0.25678039565729105,3,0.16666666666666666,"[0, 1, 2, 3, 4, 5]",random_uniform_v1,0,test
case_a327ab79,cust_63c47479,27082,upi,INSUFFICIENT_FUNDS,39,,0.9519457292810316,medium,0.37072893320303846,2,0.16666666666666666,"[0, 1, 2, 3, 4, 5]",random_uniform_v1,1,train
case_954a9929,cust_55c15aa7,39266,upi,BANK_TIMEOUT,9,,0.7297014108905486,low,0.6782533572410534,1,0.16666666666666666,"[0, 1, 2, 3, 4, 5]",random_uniform_v1,1,train
case_f978540b,cust_d2a0ce24,194769,upi,NETWORK_ERROR,15,,1.0,low,0.32003566301786585,4,0.16666666666666666,"[0, 1, 2, 3, 4, 5]",random_uniform_v1,1,train
case_bc3fbe65,cust_6c60eb5d,46752,upi,BANK_TIMEOUT,23,,0.7667252167552175,low,0.11560860350448504,5,0.16666666666666666,"[0, 1, 2, 3, 4, 5]",random_uniform_v1,1,train
case_c02a8c53,cust_ee273a1d,59816,upi,INSUFFICIENT_FUNDS,5,,0.8822850101924657,low,0.0,2,0.16666666666666666,"[0, 1, 2, 3, 4, 5]",random_uniform_v1,1,train
case_22b48ce3,cust_8c9251e3,125021,upi,BANK_TIMEOUT,69,,0.8308987132419314,medium,0.20296472660733245,4,0.16666666666666666,"[0, 1, 2, 3, 4, 5]",random_uniform_v1,0,train
case_e88db0f5,cust_88ffbc36,116078,card,BANK_DECLINE,41,,0.914079656669679,low,0.106070349431994,1,0.16666666666666666,"[0, 1, 2, 3, 4, 5]",random_uniform_v1,1,test
case_143efb60,cust_6bd4ba2d,11536,card,INSUFFICIENT_FUNDS,2,,0.9204381847508745,low,0.7125140292350113,4,0.16666666666666666,"[0, 1, 2, 3, 4, 5]",random_uniform_v1,1,train
case_9e9a21e6,cust_3e0523f3,121550,upi,INSUFFICIENT_FUNDS,43,,0.6436587498838254,low,0.5098907879841605,4,0.16666666666666666,"[0, 1, 2, 3, 4, 5]",random_uniform_v1,1,test
case_d662bba4,cust_0a572efd,106891,card,INSUFFICIENT_FUNDS,31,,0.7670591305107156,medium,0.07542005486028831,1,0.16666666666666666,"[0, 1, 2, 3, 4, 5]",random_uniform_v1,0,train
case_b6ca61fc,cust_df1ca3f2,115681,upi,INSUFFICIENT_FUNDS,11,,0.6954747895205404,medium,0.2443286976574687,2,0.16666666666666666,"[0, 1, 2, 3, 4, 5]",random_uniform_v1,1,test
case_a8243d09,cust_c7615eb1,249890,card,BANK_TIMEOUT,2,,0.8899824847230328,medium,0.25881591983867636,5,0.16666666666666666,"[0, 1, 2, 3, 4, 5]",random_uniform_v1,1,test
case_ed42cd98,cust_da3e0206,31949,netbanking,INSUFFICIENT_FUNDS,6,,0.8262318415809542,low,0.44095559534065804,3,0.16666666666666666,"[0, 1, 2, 3, 4, 5]",random_uniform_v1,1,val
case_f663dc39,cust_579801ce,75831,upi,INSUFFICIENT_FUNDS,39,,0.9631633745316535,high,0.7173007695047474,0,0.16666666666666666,"[0, 1, 2, 3, 4, 5]",random_uniform_v1,0,train
case_06661085,cust_36833ac8,120976,upi,INSUFFICIENT_FUNDS,25,,0.8187465261505503,medium,0.3849244106432169,2,0.16666666666666666,"[0, 1, 2, 3, 4, 5]",random_uniform_v1,1,train
case_522e0d46,cust_8e876e79,1147491,card,BANK_DECLINE,73,,0.8548350243924032,low,0.3402594818742413,0,0.16666666666666666,"[0, 1, 2, 3, 4, 5]",random_uniform_v1,1,val
case_57b922ec,cust_2e836a9e,40762,upi,BANK_TIMEOUT,19,,0.9156313600271628,low,0.25737402750774063,4,0.16666666666666666,"[0, 1, 2, 3, 4, 5]",random_uniform_v1,1,train
case_cdfd7dc8,cust_bc0cb511,62415,card,BANK_DECLINE,10,,0.919459598284444,low,0.34054886675279494,0,0.16666666666666666,"[0, 1, 2, 3, 4, 5]",random_uniform_v1,0,test
case_f1c2adbf,cust_d9c2246c,35265,upi,BANK_TIMEOUT,0,,0.9806738845253059,low,0.1982153281636649,2,0.16666666666666666,"[0, 1, 2, 3, 4, 5]",random_uniform_v1,1,test
case_35c47788,cust_348ee450,41605,upi,NETWORK_ERROR,58,,0.8091547349673559,low,0.4028975309355451,0,0.16666666666666666,"[0, 1, 2, 3, 4, 5]",random_uniform_v1,1,val
case_cd6f4487,cust_cd7b7326,93680,upi,NETWORK_ERROR,27,,1.0,medium,0.2774453842244014,1,0.16666666666666666,"[0, 1, 2, 3, 4, 5]",random_uniform_v1,1,train
case_219003c0,cust_66943121,469000,upi,BANK_TIMEOUT,1,,0.7019149095865505,medium,0.101306816173212,0,0.16666666666666666,"[0, 1, 2, 3, 4, 5]",random_uniform_v1,0,val
